user_id,group
1,A
2,B
3,B
4,B
5,B
6,B
7,A
8,A
9,B
10,A
11,A
12,A
13,A
14,A
15,A
16,A
17,A
18,A
19,A
20,B
21,A
22,A
23,B
24,A
25,A
26,B
27,A
28,B
29,B
30,B
31,A
32,A
33,B
34,B
35,B
36,A
37,B
38,A
39,A
40,B
41,B
42,B
43,B
44,B
45,B
46,A
47,B
48,B
49,B
50,B
51,A
52,A
53,A
54,B
55,B
56,B
57,B
58,B
59,B
60,A
61,A
62,B
63,A
64,B
65,A
66,B
67,B
68,A
69,A
70,B
71,B
72,B
73,B
74,A
75,B
76,A
77,B
78,B
79,B
80,B
81,A
82,B
83,B
84,B
85,A
86,A
87,A
88,B
89,B
90,A
91,B
92,A
93,B
94,A
95,B
96,B
97,B
98,A
99,A
100,A
101,B
102,A
103,B
104,B
105,B
106,A
107,B
108,B
109,B
110,B
111,A
112,B
113,A
114,A
115,A
116,B
117,A
118,B
119,A
120,A
121,B
122,B
123,B
124,B
125,A
126,A
127,B
128,A
129,A
130,B
131,A
132,B
133,B
134,A
135,B
136,A
137,A
138,B
139,A
140,A
141,A
142,A
143,B
144,B
145,B
146,B
147,B
148,B
149,A
150,B
151,A
152,B
153,B
154,A
155,B
156,B
157,B
158,A
159,A
160,B
161,A
162,A
163,A
164,A
165,A
166,B
167,B
168,B
169,A
170,A
171,A
172,B
173,B
174,A
175,B
176,B
177,A
178,B
179,B
180,B
181,A
182,B
183,A
184,B
185,A
186,B
187,A
188,A
189,B
190,A
191,B
192,B
193,A
194,B
195,B
196,A
197,A
198,A
199,B
200,A
201,B
202,A
203,B
204,A
205,B
206,A
207,B
208,A
209,B
210,A
211,A
212,A
213,B
214,B
215,A
216,A
217,A
218,B
219,B
220,B
221,B
222,B
223,B
224,B
225,A
226,B
227,A
228,B
229,B
230,B
231,B
232,A
233,B
234,A
235,A
236,B
237,A
238,A
239,A
240,A
241,B
242,B
243,A
244,B
245,B
246,A
247,A
248,A
249,B
250,A
251,B
252,B
253,B
254,A
255,A
256,A
257,B
258,B
259,B
260,A
261,A
262,B
263,B
264,B
265,B
266,B
267,B
268,B
269,A
270,B
271,B
272,A
273,A
274,A
275,A
276,A
277,A
278,B
279,A
280,B
281,B
282,A
283,B
284,B
285,A
286,B
287,A
288,A
289,B
290,A
291,B
292,A
293,A
294,A
295,A
296,B
297,B
298,B
299,A
300,A
301,A
302,A
303,A
304,B
305,B
306,B
307,A
308,A
309,B
310,A
311,A
312,A
313,A
314,B
315,A
316,A
317,B
318,B
319,B
320,B
321,A
322,A
323,B
324,A
325,A
326,B
327,A
328,B
329,B
330,B
331,B
332,B
333,A
334,B
335,B
336,A
337,B
338,B
339,B
340,B
341,B
342,B
343,B
344,B
345,A
346,B
347,A
348,B
349,A
350,A
351,B
352,A
353,B
354,A
355,A
356,A
357,A
358,B
359,B
360,B
361,A
362,A
363,A
364,B
365,B
366,A
367,A
368,B
369,A
370,B
371,B
372,A
373,A
374,B
375,B
376,A
377,B
378,B
379,A
380,B
381,A
382,B
383,B
384,B
385,B
386,B
387,B
388,B
389,A
390,B
391,B
392,B
393,B
394,B
395,A
396,B
397,B
398,B
399,B
400,B
401,B
402,B
403,B
404,A
405,A
406,A
407,B
408,A
409,B
410,A
411,A
412,A
413,B
414,A
415,A
416,A
417,B
418,A
419,B
420,A
421,A
422,B
423,B
424,B
425,B
426,B
427,A
428,A
429,A
430,A
431,A
432,B
433,B
434,A
435,A
436,A
437,B
438,B
439,B
440,B
441,A
442,B
443,A
444,A
445,B
446,B
447,B
448,B
449,A
450,B
451,B
452,B
453,A
454,A
455,B
456,A
457,B
458,A
459,B
460,A
461,B
462,A
463,A
464,A
465,A
466,A
467,A
468,A
469,A
470,A
471,A
472,A
473,B
474,B
475,A
476,A
477,A
478,A
479,B
480,A
481,B
482,A
483,A
484,A
485,A
486,A
487,B
488,B
489,B
490,A
491,B
492,A
493,A
494,B
495,A
496,B
497,A
498,B
499,B
500,A
501,B
502,B
503,B
504,A
505,A
506,A
507,A
508,B
509,B
510,A
511,A
512,A
513,A
514,A
515,B
516,B
517,A
518,A
519,B
520,A
521,A
522,A
523,A
524,B
525,B
526,A
527,B
528,A
529,A
530,A
531,B
532,A
533,B
534,B
535,B
536,A
537,A
538,A
539,A
540,B
541,A
542,B
543,A
544,A
545,A
546,A
547,A
548,A
549,B
550,B
551,A
552,A
553,B
554,B
555,A
556,B
557,B
558,B
559,A
560,A
561,B
562,A
563,A
564,B
565,B
566,B
567,B
568,A
569,A
570,B
571,B
572,B
573,A
574,B
575,A
576,A
577,B
578,B
579,A
580,B
581,A
582,A
583,A
584,A
585,A
586,B
587,B
588,A
589,A
590,B
591,B
592,B
593,B
594,A
595,A
596,B
597,A
598,B
599,A
600,B
601,A
602,B
603,A
604,B
605,A
606,A
607,A
608,B
609,B
610,A
611,A
612,B
613,A
614,A
615,B
616,B
617,A
618,B
619,A
620,B
621,B
622,A
623,A
624,A
625,B
626,B
627,A
628,A
629,B
630,B
631,B
632,A
633,B
634,B
635,A
636,B
637,A
638,B
639,A
640,B
641,B
642,A
643,B
644,B
645,A
646,B
647,B
648,B
649,B
650,B
651,B
652,A
653,B
654,B
655,B
656,B
657,B
658,B
659,A
660,A
661,A
662,A
663,B
664,A
665,A
666,A
667,A
668,A
669,B
670,A
671,A
672,A
673,A
674,B
675,B
676,B
677,A
678,A
679,A
680,B
681,A
682,A
683,A
684,B
685,B
686,B
687,B
688,A
689,B
690,A
691,A
692,A
693,B
694,B
695,A
696,B
697,B
698,B
699,A
700,A
701,A
702,A
703,B
704,A
705,B
706,A
707,B
708,A
709,A
710,B
711,A
712,A
713,A
714,B
715,B
716,B
717,B
718,A
719,A
720,B
721,A
722,A
723,A
724,B
725,B
726,B
727,A
728,B
729,A
730,A
731,B
732,A
733,A
734,A
735,B
736,A
737,B
738,A
739,B
740,A
741,A
742,A
743,B
744,B
745,A
746,B
747,A
748,B
749,B
750,B
751,A
752,A
753,A
754,B
755,B
756,A
757,A
758,B
759,A
760,A
761,B
762,B
763,A
764,B
765,A
766,A
767,B
768,B
769,B
770,A
771,B
772,A
773,B
774,A
775,A
776,B
777,B
778,B
779,A
780,B
781,A
782,A
783,A
784,A
785,B
786,A
787,A
788,B
789,A
790,A
791,B
792,A
793,A
794,A
795,A
796,A
797,A
798,B
799,B
800,B
801,A
802,B
803,B
804,B
805,A
806,B
807,A
808,B
809,A
810,B
811,A
812,A
813,A
814,A
815,B
816,A
817,A
818,B
819,B
820,A
821,A
822,A
823,B
824,A
825,B
826,B
827,B
828,B
829,B
830,B
831,B
832,A
833,A
834,B
835,A
836,A
837,B
838,A
839,A
840,B
841,A
842,A
843,A
844,B
845,B
846,A
847,B
848,B
849,B
850,B
851,B
852,B
853,B
854,A
855,B
856,B
857,A
858,A
859,A
860,A
861,A
862,B
863,A
864,B
865,B
866,B
867,B
868,A
869,B
870,B
871,A
872,B
873,A
874,A
875,B
876,B
877,B
878,B
879,A
880,B
881,A
882,B
883,A
884,B
885,B
886,B
887,A
888,B
889,B
890,B
891,A
892,A
893,B
894,B
895,B
896,A
897,A
898,A
899,B
900,B
901,A
902,B
903,A
904,B
905,A
906,A
907,B
908,A
909,A
910,B
911,A
912,A
913,A
914,B
915,B
916,B
917,A
918,B
919,A
920,B
921,B
922,B
923,B
924,B
925,B
926,B
927,B
928,A
929,B
930,B
931,B
932,B
933,B
934,A
935,A
936,B
937,B
938,B
939,B
940,B
941,B
942,B
943,A
944,A
945,B
946,A
947,B
948,A
949,A
950,A
951,A
952,B
953,B
954,B
955,A
956,B
957,A
958,B
959,A
960,B
961,A
962,A
963,B
964,A
965,A
966,A
967,B
968,A
969,A
970,A
971,B
972,A
973,B
974,A
975,B
976,A
977,B
978,B
979,B
980,B
981,A
982,B
983,A
984,A
985,B
986,B
987,A
988,B
989,A
990,A
991,B
992,A
993,B
994,A
995,A
996,B
997,B
998,A
999,B
1000,B
1001,B
1002,A
1003,B
1004,A
1005,B
1006,A
1007,A
1008,B
1009,A
1010,B
1011,A
1012,A
1013,B
1014,B
1015,A
1016,A
1017,B
1018,B
1019,A
1020,A
1021,A
1022,A
1023,B
1024,A
1025,B
1026,B
1027,B
1028,B
1029,B
1030,B
1031,B
1032,B
1033,B
1034,A
1035,A
1036,A
1037,A
1038,A
1039,B
1040,B
1041,B
1042,B
1043,B
1044,A
1045,B
1046,B
1047,A
1048,B
1049,B
1050,B
1051,B
1052,B
1053,B
1054,B
1055,A
1056,A
1057,A
1058,A
1059,A
1060,A
1061,A
1062,A
1063,B
1064,A
1065,B
1066,B
1067,A
1068,A
1069,A
1070,B
1071,A
1072,B
1073,A
1074,A
1075,A
1076,A
1077,A
1078,A
1079,B
1080,A
1081,A
1082,B
1083,A
1084,A
1085,A
1086,B
1087,A
1088,B
1089,A
1090,A
1091,B
1092,B
1093,B
1094,B
1095,A
1096,B
1097,B
1098,A
1099,B
1100,A
1101,A
1102,A
1103,B
1104,B
1105,B
1106,A
1107,A
1108,A
1109,A
1110,A
1111,A
1112,B
1113,B
1114,A
1115,A
1116,A
1117,A
1118,A
1119,A
1120,A
1121,A
1122,A
1123,B
1124,A
1125,B
1126,B
1127,B
1128,A
1129,B
1130,A
1131,A
1132,B
1133,B
1134,B
1135,A
1136,A
1137,B
1138,B
1139,B
1140,A
1141,B
1142,B
1143,A
1144,B
1145,B
1146,A
1147,B
1148,A
1149,A
1150,A
1151,B
1152,B
1153,A
1154,B
1155,A
1156,B
1157,A
1158,A
1159,A
1160,A
1161,B
1162,A
1163,A
1164,A
1165,B
1166,A
1167,B
1168,B
1169,B
1170,A
1171,A
1172,A
1173,B
1174,B
1175,B
1176,A
1177,A
1178,A
1179,B
1180,B
1181,B
1182,B
1183,B
1184,A
1185,B
1186,A
1187,B
1188,A
1189,A
1190,B
1191,B
1192,B
1193,B
1194,B
1195,B
1196,B
1197,A
1198,A
1199,B
1200,B
1201,A
1202,B
1203,B
1204,A
1205,A
1206,A
1207,B
1208,A
1209,B
1210,A
1211,B
1212,B
1213,B
1214,A
1215,A
1216,B
1217,B
1218,A
1219,A
1220,B
1221,A
1222,B
1223,A
1224,A
1225,B
1226,B
1227,A
1228,A
1229,A
1230,B
1231,A
1232,B
1233,A
1234,B
1235,A
1236,B
1237,B
1238,A
1239,B
1240,A
1241,B
1242,B
1243,B
1244,A
1245,B
1246,A
1247,B
1248,A
1249,B
1250,B
1251,A
1252,A
1253,B
1254,A
1255,A
1256,B
1257,A
1258,B
1259,B
1260,B
1261,B
1262,B
1263,A
1264,B
1265,B
1266,B
1267,A
1268,A
1269,B
1270,A
1271,A
1272,A
1273,B
1274,B
1275,A
1276,A
1277,B
1278,B
1279,A
1280,A
1281,B
1282,B
1283,A
1284,A
1285,A
1286,B
1287,B
1288,A
1289,A
1290,B
1291,A
1292,A
1293,B
1294,B
1295,A
1296,A
1297,A
1298,B
1299,B
1300,A
1301,B
1302,B
1303,B
1304,A
1305,B
1306,A
1307,B
1308,B
1309,A
1310,A
1311,A
1312,A
1313,A
1314,B
1315,B
1316,B
1317,B
1318,B
1319,B
1320,A
1321,B
1322,B
1323,A
1324,A
1325,A
1326,B
1327,B
1328,A
1329,A
1330,B
1331,B
1332,B
1333,B
1334,B
1335,B
1336,A
1337,B
1338,A
1339,A
1340,A
1341,A
1342,B
1343,A
1344,B
1345,A
1346,B
1347,A
1348,B
1349,A
1350,A
1351,B
1352,B
1353,A
1354,A
1355,B
1356,B
1357,A
1358,B
1359,B
1360,A
1361,B
1362,A
1363,B
1364,A
1365,B
1366,B
1367,B
1368,A
1369,B
1370,B
1371,A
1372,A
1373,B
1374,A
1375,A
1376,B
1377,B
1378,A
1379,A
1380,B
1381,B
1382,A
1383,B
1384,B
1385,B
1386,A
1387,A
1388,B
1389,B
1390,B
1391,B
1392,B
1393,A
1394,A
1395,A
1396,A
1397,A
1398,A
1399,B
1400,B
1401,B
1402,B
1403,B
1404,A
1405,A
1406,B
1407,A
1408,B
1409,A
1410,A
1411,A
1412,B
1413,A
1414,B
1415,B
1416,B
1417,A
1418,A
1419,B
1420,B
1421,A
1422,B
1423,A
1424,B
1425,B
1426,B
1427,A
1428,A
1429,A
1430,B
1431,B
1432,B
1433,B
1434,A
1435,A
1436,B
1437,B
1438,B
1439,A
1440,B
1441,A
1442,A
1443,B
1444,B
1445,B
1446,B
1447,B
1448,A
1449,A
1450,A
1451,A
1452,A
1453,B
1454,A
1455,B
1456,B
1457,A
1458,A
1459,B
1460,A
1461,B
1462,B
1463,B
1464,B
1465,B
1466,A
1467,A
1468,B
1469,B
1470,B
1471,B
1472,A
1473,B
1474,B
1475,A
1476,B
1477,A
1478,A
1479,B
1480,A
1481,A
1482,B
1483,B
1484,A
1485,A
1486,B
1487,A
1488,B
1489,B
1490,B
1491,A
1492,A
1493,A
1494,B
1495,A
1496,B
1497,A
1498,A
1499,B
1500,B
1501,B
1502,A
1503,B
1504,A
1505,B
1506,A
1507,B
1508,A
1509,A
1510,B
1511,B
1512,B
1513,B
1514,B
1515,B
1516,A
1517,A
1518,A
1519,B
1520,B
1521,A
1522,B
1523,B
1524,B
1525,A
1526,A
1527,A
1528,A
1529,A
1530,B
1531,A
1532,B
1533,A
1534,A
1535,B
1536,A
1537,A
1538,B
1539,B
1540,A
1541,A
1542,A
1543,B
1544,B
1545,B
1546,A
1547,B
1548,B
1549,B
1550,A
1551,A
1552,B
1553,B
1554,A
1555,A
1556,A
1557,A
1558,A
1559,A
1560,A
1561,A
1562,A
1563,B
1564,B
1565,A
1566,B
1567,B
1568,B
1569,B
1570,A
1571,A
1572,B
1573,B
1574,B
1575,A
1576,B
1577,B
1578,B
1579,A
1580,B
1581,A
1582,A
1583,B
1584,B
1585,B
1586,A
1587,B
1588,A
1589,B
1590,A
1591,B
1592,A
1593,B
1594,A
1595,A
1596,B
1597,A
1598,B
1599,B
1600,B
1601,B
1602,A
1603,B
1604,A
1605,B
1606,A
1607,A
1608,B
1609,A
1610,A
1611,A
1612,B
1613,A
1614,B
1615,B
1616,A
1617,B
1618,B
1619,B
1620,A
1621,B
1622,A
1623,B
1624,B
1625,A
1626,B
1627,A
1628,A
1629,B
1630,B
1631,A
1632,A
1633,A
1634,B
1635,B
1636,A
1637,B
1638,B
1639,A
1640,B
1641,B
1642,A
1643,B
1644,A
1645,B
1646,B
1647,B
1648,A
1649,B
1650,B
1651,A
1652,A
1653,A
1654,A
1655,A
1656,B
1657,A
1658,B
1659,B
1660,A
1661,B
1662,A
1663,B
1664,A
1665,A
1666,B
1667,B
1668,A
1669,B
1670,A
1671,B
1672,A
1673,B
1674,A
1675,A
1676,B
1677,B
1678,A
1679,A
1680,A
1681,B
1682,A
1683,B
1684,B
1685,B
1686,B
1687,B
1688,A
1689,B
1690,A
1691,A
1692,A
1693,B
1694,B
1695,B
1696,B
1697,B
1698,A
1699,A
1700,A
1701,A
1702,B
1703,B
1704,B
1705,A
1706,A
1707,B
1708,A
1709,B
1710,B
1711,A
1712,A
1713,B
1714,A
1715,A
1716,A
1717,B
1718,B
1719,B
1720,B
1721,B
1722,B
1723,A
1724,B
1725,B
1726,A
1727,A
1728,B
1729,A
1730,B
1731,B
1732,B
1733,B
1734,A
1735,B
1736,B
1737,B
1738,B
1739,B
1740,B
1741,B
1742,B
1743,B
1744,B
1745,B
1746,A
1747,A
1748,A
1749,A
1750,B
1751,A
1752,A
1753,A
1754,A
1755,A
1756,B
1757,B
1758,A
1759,A
1760,A
1761,B
1762,B
1763,A
1764,A
1765,A
1766,A
1767,A
1768,A
1769,B
1770,A
1771,A
1772,B
1773,B
1774,A
1775,B
1776,A
1777,B
1778,B
1779,A
1780,B
1781,B
1782,B
1783,B
1784,A
1785,A
1786,B
1787,A
1788,B
1789,B
1790,A
1791,A
1792,A
1793,A
1794,B
1795,A
1796,B
1797,A
1798,A
1799,A
1800,B
1801,A
1802,A
1803,A
1804,B
1805,A
1806,B
1807,B
1808,A
1809,A
1810,B
1811,B
1812,A
1813,B
1814,A
1815,B
1816,A
1817,A
1818,A
1819,B
1820,B
1821,B
1822,B
1823,A
1824,A
1825,B
1826,A
1827,A
1828,B
1829,B
1830,A
1831,A
1832,A
1833,A
1834,A
1835,B
1836,A
1837,A
1838,A
1839,A
1840,B
1841,B
1842,A
1843,A
1844,B
1845,A
1846,B
1847,B
1848,A
1849,B
1850,B
1851,A
1852,A
1853,A
1854,A
1855,B
1856,B
1857,A
1858,A
1859,B
1860,A
1861,B
1862,A
1863,B
1864,A
1865,A
1866,A
1867,A
1868,A
1869,B
1870,B
1871,A
1872,A
1873,B
1874,B
1875,A
1876,A
1877,B
1878,B
1879,B
1880,A
1881,A
1882,A
1883,A
1884,B
1885,B
1886,B
1887,A
1888,B
1889,A
1890,B
1891,A
1892,A
1893,A
1894,B
1895,A
1896,B
1897,B
1898,A
1899,A
1900,A
1901,A
1902,A
1903,B
1904,A
1905,B
1906,B
1907,B
1908,B
1909,A
1910,B
1911,A
1912,A
1913,A
1914,A
1915,A
1916,B
1917,A
1918,B
1919,A
1920,B
1921,A
1922,B
1923,A
1924,A
1925,B
1926,B
1927,A
1928,B
1929,B
1930,B
1931,A
1932,B
1933,A
1934,B
1935,B
1936,B
1937,B
1938,A
1939,B
1940,B
1941,A
1942,A
1943,B
1944,B
1945,B
1946,A
1947,A
1948,A
1949,A
1950,A
1951,B
1952,B
1953,A
1954,B
1955,B
1956,A
1957,A
1958,A
1959,A
1960,A
1961,A
1962,A
1963,A
1964,A
1965,B
1966,A
1967,A
1968,A
1969,A
1970,A
1971,B
1972,A
1973,A
1974,B
1975,A
1976,A
1977,B
1978,B
1979,A
1980,A
1981,B
1982,A
1983,A
1984,B
1985,A
1986,B
1987,B
1988,A
1989,A
1990,A
1991,B
1992,A
1993,A
1994,A
1995,A
1996,B
1997,B
1998,B
1999,A
2000,A
2001,B
2002,B
2003,A
2004,A
2005,B
2006,B
2007,A
2008,B
2009,A
2010,B
2011,B
2012,A
2013,A
2014,A
2015,A
2016,B
2017,A
2018,B
2019,A
2020,B
2021,B
2022,A
2023,B
2024,B
2025,B
2026,B
2027,B
2028,A
2029,A
2030,B
2031,B
2032,B
2033,A
2034,B
2035,B
2036,B
2037,B
2038,A
2039,A
2040,A
2041,B
2042,B
2043,A
2044,A
2045,A
2046,B
2047,A
2048,B
2049,B
2050,B
2051,A
2052,A
2053,B
2054,B
2055,B
2056,B
2057,A
2058,B
2059,A
2060,A
2061,B
2062,A
2063,B
2064,A
2065,A
2066,A
2067,A
2068,B
2069,B
2070,B
2071,B
2072,A
2073,B
2074,A
2075,A
2076,B
2077,A
2078,B
2079,B
2080,B
2081,A
2082,B
2083,A
2084,B
2085,B
2086,B
2087,A
2088,A
2089,A
2090,A
2091,B
2092,B
2093,B
2094,B
2095,B
2096,B
2097,A
2098,A
2099,B
2100,B
2101,B
2102,B
2103,A
2104,A
2105,A
2106,A
2107,B
2108,A
2109,A
2110,B
2111,B
2112,A
2113,B
2114,A
2115,A
2116,B
2117,A
2118,B
2119,A
2120,A
2121,A
2122,A
2123,A
2124,B
2125,A
2126,B
2127,B
2128,A
2129,A
2130,A
2131,A
2132,B
2133,A
2134,B
2135,A
2136,B
2137,A
2138,A
2139,B
2140,A
2141,A
2142,B
2143,A
2144,B
2145,A
2146,B
2147,A
2148,B
2149,A
2150,A
2151,A
2152,A
2153,B
2154,B
2155,B
2156,A
2157,A
2158,A
2159,A
2160,B
2161,A
2162,A
2163,A
2164,B
2165,A
2166,B
2167,B
2168,B
2169,A
2170,A
2171,A
2172,B
2173,A
2174,A
2175,B
2176,A
2177,A
2178,B
2179,A
2180,A
2181,B
2182,A
2183,A
2184,A
2185,A
2186,B
2187,A
2188,A
2189,A
2190,B
2191,B
2192,B
2193,B
2194,B
2195,B
2196,A
2197,A
2198,B
2199,A
2200,B
2201,A
2202,A
2203,A
2204,A
2205,B
2206,B
2207,B
2208,B
2209,A
2210,A
2211,A
2212,A
2213,B
2214,A
2215,B
2216,A
2217,A
2218,B
2219,A
2220,A
2221,B
2222,A
2223,B
2224,A
2225,A
2226,B
2227,A
2228,B
2229,A
2230,B
2231,A
2232,A
2233,B
2234,B
2235,A
2236,A
2237,B
2238,B
2239,B
2240,B
2241,B
2242,A
2243,A
2244,A
2245,A
2246,B
2247,B
2248,A
2249,A
2250,A
2251,B
2252,B
2253,A
2254,B
2255,A
2256,B
2257,B
2258,B
2259,A
2260,B
2261,B
2262,A
2263,A
2264,B
2265,A
2266,A
2267,A
2268,B
2269,B
2270,A
2271,B
2272,B
2273,B
2274,A
2275,A
2276,A
2277,B
2278,A
2279,B
2280,A
2281,A
2282,A
2283,B
2284,B
2285,B
2286,B
2287,A
2288,B
2289,A
2290,B
2291,B
2292,B
2293,A
2294,A
2295,A
2296,B
2297,B
2298,B
2299,A
2300,A
2301,A
2302,B
2303,A
2304,A
2305,A
2306,B
2307,A
2308,B
2309,B
2310,A
2311,A
2312,A
2313,B
2314,B
2315,A
2316,B
2317,B
2318,B
2319,A
2320,B
2321,A
2322,A
2323,B
2324,A
2325,A
2326,B
2327,B
2328,B
2329,A
2330,A
2331,B
2332,A
2333,A
2334,B
2335,B
2336,B
2337,B
2338,B
2339,B
2340,A
2341,A
2342,A
2343,A
2344,B
2345,B
2346,A
2347,B
2348,A
2349,A
2350,A
2351,A
2352,B
2353,A
2354,B
2355,A
2356,A
2357,A
2358,A
2359,B
2360,A
2361,B
2362,B
2363,A
2364,B
2365,B
2366,B
2367,A
2368,B
2369,B
2370,B
2371,A
2372,A
2373,A
2374,A
2375,A
2376,A
2377,B
2378,A
2379,B
2380,A
2381,A
2382,B
2383,A
2384,B
2385,B
2386,A
2387,A
2388,B
2389,B
2390,A
2391,B
2392,A
2393,A
2394,A
2395,B
2396,B
2397,A
2398,A
2399,B
2400,B
2401,A
2402,B
2403,B
2404,A
2405,B
2406,B
2407,A
2408,B
2409,B
2410,B
2411,A
2412,A
2413,A
2414,B
2415,B
2416,A
2417,A
2418,B
2419,B
2420,B
2421,A
2422,B
2423,A
2424,B
2425,A
2426,B
2427,A
2428,B
2429,A
2430,B
2431,B
2432,B
2433,B
2434,B
2435,A
2436,B
2437,A
2438,A
2439,A
2440,A
2441,A
2442,B
2443,B
2444,B
2445,A
2446,B
2447,A
2448,A
2449,B
2450,A
2451,B
2452,A
2453,B
2454,B
2455,A
2456,B
2457,A
2458,A
2459,A
2460,A
2461,A
2462,A
2463,A
2464,B
2465,B
2466,A
2467,B
2468,A
2469,B
2470,A
2471,B
2472,B
2473,A
2474,A
2475,B
2476,A
2477,A
2478,A
2479,B
2480,A
2481,B
2482,B
2483,A
2484,A
2485,B
2486,A
2487,A
2488,A
2489,B
2490,A
2491,A
2492,A
2493,A
2494,B
2495,A
2496,B
2497,B
2498,B
2499,A
2500,A
2501,B
2502,A
2503,B
2504,A
2505,B
2506,A
2507,B
2508,B
2509,B
2510,B
2511,A
2512,B
2513,B
2514,A
2515,B
2516,A
2517,A
2518,B
2519,A
2520,A
2521,B
2522,A
2523,B
2524,B
2525,B
2526,B
2527,A
2528,B
2529,A
2530,B
2531,A
2532,A
2533,A
2534,A
2535,B
2536,B
2537,B
2538,B
2539,B
2540,A
2541,B
2542,B
2543,A
2544,B
2545,B
2546,B
2547,B
2548,B
2549,B
2550,B
2551,A
2552,A
2553,A
2554,A
2555,B
2556,A
2557,B
2558,A
2559,A
2560,A
2561,B
2562,B
2563,B
2564,A
2565,A
2566,A
2567,A
2568,B
2569,A
2570,B
2571,A
2572,B
2573,A
2574,B
2575,A
2576,B
2577,B
2578,A
2579,B
2580,B
2581,B
2582,A
2583,B
2584,B
2585,A
2586,A
2587,B
2588,A
2589,A
2590,A
2591,A
2592,A
2593,B
2594,A
2595,B
2596,A
2597,A
2598,A
2599,A
2600,A
2601,B
2602,A
2603,A
2604,A
2605,A
2606,A
2607,A
2608,A
2609,B
2610,A
2611,B
2612,B
2613,B
2614,A
2615,B
2616,A
2617,B
2618,B
2619,B
2620,A
2621,B
2622,A
2623,A
2624,B
2625,B
2626,B
2627,B
2628,A
2629,B
2630,B
2631,A
2632,A
2633,B
2634,A
2635,B
2636,B
2637,A
2638,B
2639,B
2640,B
2641,B
2642,B
2643,A
2644,B
2645,A
2646,A
2647,B
2648,B
2649,A
2650,A
2651,A
2652,B
2653,B
2654,B
2655,B
2656,A
2657,A
2658,A
2659,A
2660,B
2661,A
2662,A
2663,A
2664,A
2665,A
2666,B
2667,B
2668,B
2669,B
2670,A
2671,B
2672,B
2673,A
2674,A
2675,A
2676,A
2677,B
2678,A
2679,A
2680,B
2681,A
2682,B
2683,B
2684,A
2685,B
2686,A
2687,A
2688,B
2689,B
2690,B
2691,B
2692,A
2693,A
2694,B
2695,A
2696,A
2697,A
2698,A
2699,B
2700,A
2701,B
2702,B
2703,A
2704,A
2705,A
2706,B
2707,A
2708,A
2709,A
2710,B
2711,B
2712,B
2713,B
2714,B
2715,B
2716,A
2717,A
2718,A
2719,B
2720,B
2721,A
2722,A
2723,A
2724,B
2725,A
2726,B
2727,A
2728,A
2729,B
2730,B
2731,A
2732,A
2733,B
2734,A
2735,A
2736,A
2737,A
2738,A
2739,A
2740,B
2741,B
2742,B
2743,A
2744,A
2745,A
2746,A
2747,A
2748,A
2749,B
2750,A
2751,A
2752,B
2753,B
2754,B
2755,B
2756,B
2757,B
2758,B
2759,B
2760,B
2761,B
2762,B
2763,A
2764,B
2765,B
2766,A
2767,A
2768,B
2769,A
2770,A
2771,A
2772,B
2773,B
2774,B
2775,A
2776,A
2777,B
2778,B
2779,B
2780,B
2781,A
2782,A
2783,B
2784,A
2785,A
2786,A
2787,B
2788,A
2789,A
2790,A
2791,B
2792,B
2793,B
2794,A
2795,B
2796,A
2797,B
2798,A
2799,B
2800,A
2801,B
2802,B
2803,B
2804,A
2805,B
2806,B
2807,B
2808,A
2809,A
2810,B
2811,A
2812,B
2813,A
2814,A
2815,B
2816,A
2817,B
2818,B
2819,A
2820,B
2821,A
2822,A
2823,B
2824,B
2825,B
2826,B
2827,A
2828,A
2829,A
2830,B
2831,B
2832,A
2833,B
2834,B
2835,B
2836,B
2837,B
2838,B
2839,A
2840,A
2841,A
2842,B
2843,A
2844,B
2845,B
2846,B
2847,B
2848,B
2849,A
2850,B
2851,A
2852,B
2853,A
2854,A
2855,B
2856,B
2857,A
2858,B
2859,A
2860,B
2861,A
2862,B
2863,A
2864,B
2865,A
2866,B
2867,B
2868,A
2869,B
2870,A
2871,B
2872,A
2873,A
2874,A
2875,A
2876,A
2877,A
2878,B
2879,B
2880,B
2881,B
2882,B
2883,B
2884,B
2885,A
2886,A
2887,B
2888,A
2889,A
2890,B
2891,B
2892,B
2893,A
2894,A
2895,B
2896,B
2897,B
2898,B
2899,A
2900,B
2901,A
2902,A
2903,B
2904,B
2905,A
2906,A
2907,B
2908,A
2909,B
2910,B
2911,B
2912,B
2913,A
2914,A
2915,B
2916,A
2917,B
2918,A
2919,B
2920,A
2921,A
2922,B
2923,B
2924,A
2925,B
2926,A
2927,A
2928,B
2929,A
2930,B
2931,B
2932,B
2933,A
2934,B
2935,B
2936,B
2937,B
2938,A
2939,A
2940,B
2941,B
2942,A
2943,A
2944,B
2945,A
2946,B
2947,A
2948,B
2949,B
2950,B
2951,B
2952,A
2953,A
2954,B
2955,B
2956,B
2957,A
2958,A
2959,B
2960,B
2961,B
2962,B
2963,A
2964,A
2965,A
2966,A
2967,B
2968,A
2969,A
2970,B
2971,A
2972,A
2973,B
2974,A
2975,B
2976,A
2977,A
2978,B
2979,B
2980,A
2981,B
2982,B
2983,B
2984,B
2985,A
2986,B
2987,B
2988,A
2989,A
2990,A
2991,A
2992,B
2993,A
2994,A
2995,A
2996,A
2997,A
2998,B
2999,B
3000,A
3001,B
3002,B
3003,B
3004,B
3005,B
3006,A
3007,A
3008,A
3009,A
3010,B
3011,B
3012,A
3013,A
3014,B
3015,B
3016,A
3017,A
3018,A
3019,B
3020,B
3021,A
3022,B
3023,A
3024,B
3025,A
3026,A
3027,B
3028,A
3029,B
3030,B
3031,A
3032,B
3033,B
3034,A
3035,A
3036,A
3037,B
3038,A
3039,B
3040,B
3041,A
3042,B
3043,A
3044,B
3045,B
3046,B
3047,A
3048,B
3049,A
3050,B
3051,A
3052,B
3053,A
3054,B
3055,A
3056,A
3057,B
3058,A
3059,A
3060,A
3061,B
3062,B
3063,B
3064,A
3065,A
3066,B
3067,B
3068,A
3069,A
3070,A
3071,B
3072,A
3073,A
3074,A
3075,B
3076,B
3077,A
3078,B
3079,B
3080,A
3081,A
3082,A
3083,B
3084,A
3085,B
3086,A
3087,A
3088,A
3089,A
3090,A
3091,B
3092,A
3093,B
3094,B
3095,B
3096,B
3097,A
3098,B
3099,B
3100,A
3101,A
3102,B
3103,A
3104,B
3105,B
3106,A
3107,B
3108,A
3109,A
3110,B
3111,A
3112,B
3113,A
3114,A
3115,A
3116,A
3117,B
3118,B
3119,B
3120,A
3121,B
3122,A
3123,B
3124,B
3125,B
3126,A
3127,B
3128,A
3129,A
3130,A
3131,B
3132,B
3133,A
3134,B
3135,A
3136,A
3137,A
3138,B
3139,A
3140,A
3141,B
3142,B
3143,A
3144,A
3145,A
3146,A
3147,A
3148,A
3149,A
3150,B
3151,B
3152,B
3153,B
3154,B
3155,A
3156,A
3157,A
3158,A
3159,A
3160,A
3161,A
3162,A
3163,A
3164,B
3165,B
3166,A
3167,B
3168,B
3169,A
3170,B
3171,A
3172,B
3173,B
3174,B
3175,A
3176,B
3177,A
3178,B
3179,B
3180,B
3181,B
3182,A
3183,A
3184,A
3185,B
3186,A
3187,A
3188,A
3189,B
3190,A
3191,A
3192,A
3193,A
3194,B
3195,A
3196,B
3197,A
3198,A
3199,A
3200,B
3201,A
3202,B
3203,A
3204,A
3205,A
3206,A
3207,B
3208,B
3209,B
3210,A
3211,A
3212,B
3213,A
3214,A
3215,B
3216,B
3217,A
3218,A
3219,B
3220,B
3221,B
3222,A
3223,B
3224,B
3225,A
3226,B
3227,A
3228,B
3229,A
3230,B
3231,B
3232,B
3233,A
3234,A
3235,B
3236,A
3237,B
3238,A
3239,A
3240,A
3241,A
3242,B
3243,A
3244,A
3245,B
3246,B
3247,B
3248,A
3249,B
3250,B
3251,A
3252,A
3253,A
3254,B
3255,A
3256,A
3257,A
3258,A
3259,B
3260,B
3261,B
3262,A
3263,B
3264,B
3265,A
3266,A
3267,A
3268,A
3269,A
3270,A
3271,B
3272,B
3273,B
3274,B
3275,B
3276,B
3277,B
3278,A
3279,B
3280,B
3281,A
3282,B
3283,A
3284,B
3285,A
3286,B
3287,B
3288,A
3289,B
3290,B
3291,A
3292,B
3293,B
3294,B
3295,A
3296,B
3297,A
3298,B
3299,A
3300,A
3301,A
3302,A
3303,B
3304,A
3305,A
3306,B
3307,B
3308,A
3309,B
3310,A
3311,B
3312,B
3313,A
3314,A
3315,A
3316,B
3317,B
3318,B
3319,B
3320,B
3321,A
3322,B
3323,B
3324,A
3325,A
3326,A
3327,B
3328,B
3329,B
3330,A
3331,A
3332,A
3333,A
3334,A
3335,A
3336,A
3337,B
3338,B
3339,B
3340,B
3341,B
3342,B
3343,B
3344,B
3345,A
3346,A
3347,A
3348,B
3349,B
3350,B
3351,A
3352,A
3353,B
3354,A
3355,B
3356,B
3357,B
3358,B
3359,A
3360,A
3361,A
3362,B
3363,B
3364,A
3365,B
3366,A
3367,B
3368,B
3369,B
3370,B
3371,A
3372,B
3373,A
3374,B
3375,A
3376,B
3377,B
3378,A
3379,B
3380,B
3381,A
3382,A
3383,A
3384,A
3385,A
3386,B
3387,A
3388,B
3389,B
3390,B
3391,B
3392,A
3393,B
3394,B
3395,B
3396,A
3397,A
3398,B
3399,A
3400,B
3401,B
3402,B
3403,B
3404,B
3405,B
3406,B
3407,A
3408,A
3409,B
3410,B
3411,A
3412,B
3413,A
3414,B
3415,A
3416,A
3417,B
3418,A
3419,B
3420,B
3421,A
3422,A
3423,B
3424,A
3425,A
3426,A
3427,A
3428,A
3429,A
3430,B
3431,A
3432,B
3433,B
3434,B
3435,B
3436,A
3437,B
3438,A
3439,B
3440,A
3441,A
3442,A
3443,B
3444,B
3445,B
3446,A
3447,B
3448,B
3449,B
3450,B
3451,B
3452,B
3453,B
3454,B
3455,B
3456,A
3457,B
3458,A
3459,B
3460,B
3461,A
3462,B
3463,B
3464,A
3465,B
3466,B
3467,B
3468,A
3469,B
3470,A
3471,B
3472,A
3473,A
3474,A
3475,A
3476,B
3477,B
3478,B
3479,B
3480,B
3481,B
3482,B
3483,A
3484,B
3485,B
3486,A
3487,A
3488,A
3489,A
3490,A
3491,B
3492,A
3493,A
3494,A
3495,B
3496,B
3497,B
3498,A
3499,B
3500,A
3501,B
3502,B
3503,A
3504,A
3505,A
3506,B
3507,A
3508,A
3509,A
3510,A
3511,A
3512,A
3513,A
3514,A
3515,B
3516,A
3517,B
3518,A
3519,A
3520,A
3521,B
3522,A
3523,A
3524,B
3525,B
3526,A
3527,A
3528,B
3529,A
3530,B
3531,B
3532,A
3533,B
3534,A
3535,B
3536,B
3537,A
3538,B
3539,A
3540,A
3541,A
3542,A
3543,B
3544,B
3545,B
3546,A
3547,A
3548,A
3549,A
3550,B
3551,B
3552,A
3553,A
3554,A
3555,A
3556,B
3557,B
3558,A
3559,A
3560,B
3561,A
3562,B
3563,B
3564,A
3565,A
3566,A
3567,A
3568,A
3569,B
3570,B
3571,A
3572,A
3573,B
3574,B
3575,A
3576,A
3577,B
3578,B
3579,A
3580,A
3581,B
3582,B
3583,A
3584,B
3585,B
3586,B
3587,A
3588,A
3589,B
3590,A
3591,B
3592,A
3593,A
3594,A
3595,A
3596,B
3597,B
3598,B
3599,B
3600,A
3601,A
3602,A
3603,B
3604,A
3605,B
3606,A
3607,B
3608,B
3609,B
3610,A
3611,A
3612,B
3613,B
3614,B
3615,B
3616,B
3617,B
3618,B
3619,B
3620,A
3621,B
3622,A
3623,A
3624,B
3625,B
3626,B
3627,A
3628,A
3629,A
3630,B
3631,A
3632,A
3633,B
3634,B
3635,B
3636,A
3637,A
3638,B
3639,B
3640,A
3641,A
3642,B
3643,B
3644,B
3645,B
3646,A
3647,B
3648,A
3649,B
3650,A
3651,B
3652,A
3653,A
3654,B
3655,B
3656,B
3657,A
3658,A
3659,B
3660,A
3661,A
3662,A
3663,B
3664,A
3665,B
3666,A
3667,A
3668,A
3669,B
3670,B
3671,A
3672,A
3673,B
3674,A
3675,A
3676,A
3677,A
3678,A
3679,A
3680,A
3681,B
3682,B
3683,B
3684,A
3685,A
3686,A
3687,B
3688,A
3689,B
3690,B
3691,B
3692,A
3693,B
3694,B
3695,A
3696,A
3697,A
3698,B
3699,A
3700,B
3701,A
3702,B
3703,A
3704,A
3705,B
3706,B
3707,A
3708,A
3709,B
3710,B
3711,B
3712,A
3713,B
3714,A
3715,A
3716,A
3717,A
3718,B
3719,B
3720,B
3721,B
3722,A
3723,A
3724,A
3725,B
3726,B
3727,A
3728,B
3729,A
3730,B
3731,B
3732,B
3733,A
3734,A
3735,A
3736,B
3737,A
3738,A
3739,B
3740,A
3741,B
3742,A
3743,B
3744,B
3745,B
3746,A
3747,A
3748,A
3749,B
3750,A
3751,B
3752,B
3753,A
3754,A
3755,A
3756,B
3757,B
3758,A
3759,A
3760,A
3761,A
3762,B
3763,A
3764,B
3765,B
3766,A
3767,B
3768,A
3769,A
3770,A
3771,B
3772,A
3773,B
3774,B
3775,B
3776,A
3777,A
3778,B
3779,B
3780,A
3781,A
3782,A
3783,A
3784,B
3785,B
3786,B
3787,A
3788,B
3789,B
3790,A
3791,B
3792,B
3793,A
3794,B
3795,B
3796,A
3797,B
3798,B
3799,B
3800,B
3801,B
3802,A
3803,B
3804,B
3805,B
3806,B
3807,B
3808,B
3809,B
3810,A
3811,A
3812,B
3813,B
3814,A
3815,A
3816,B
3817,A
3818,B
3819,B
3820,A
3821,B
3822,A
3823,B
3824,A
3825,B
3826,B
3827,A
3828,B
3829,A
3830,A
3831,B
3832,B
3833,B
3834,A
3835,A
3836,A
3837,B
3838,A
3839,A
3840,A
3841,B
3842,A
3843,B
3844,B
3845,A
3846,B
3847,B
3848,A
3849,B
3850,B
3851,B
3852,A
3853,B
3854,B
3855,B
3856,A
3857,A
3858,B
3859,A
3860,B
3861,B
3862,B
3863,B
3864,A
3865,A
3866,B
3867,A
3868,A
3869,B
3870,B
3871,A
3872,B
3873,A
3874,A
3875,A
3876,B
3877,A
3878,B
3879,B
3880,B
3881,B
3882,A
3883,A
3884,B
3885,B
3886,B
3887,B
3888,A
3889,B
3890,B
3891,A
3892,B
3893,B
3894,A
3895,A
3896,A
3897,A
3898,A
3899,B
3900,B
3901,B
3902,A
3903,B
3904,A
3905,B
3906,A
3907,A
3908,B
3909,A
3910,B
3911,B
3912,A
3913,B
3914,B
3915,A
3916,A
3917,A
3918,B
3919,B
3920,B
3921,B
3922,B
3923,B
3924,A
3925,B
3926,B
3927,B
3928,B
3929,A
3930,B
3931,A
3932,A
3933,A
3934,B
3935,A
3936,A
3937,B
3938,B
3939,B
3940,A
3941,A
3942,A
3943,A
3944,A
3945,B
3946,B
3947,A
3948,B
3949,A
3950,A
3951,B
3952,B
3953,B
3954,A
3955,B
3956,A
3957,B
3958,B
3959,A
3960,B
3961,B
3962,B
3963,A
3964,A
3965,A
3966,B
3967,A
3968,B
3969,A
3970,A
3971,B
3972,B
3973,B
3974,B
3975,B
3976,A
3977,A
3978,B
3979,A
3980,B
3981,A
3982,A
3983,A
3984,B
3985,B
3986,B
3987,B
3988,B
3989,A
3990,A
3991,B
3992,B
3993,B
3994,B
3995,A
3996,B
3997,B
3998,B
3999,B
4000,A
4001,A
4002,B
4003,A
4004,B
4005,B
4006,B
4007,B
4008,A
4009,B
4010,A
4011,A
4012,B
4013,B
4014,A
4015,B
4016,A
4017,B
4018,A
4019,A
4020,B
4021,B
4022,B
4023,B
4024,B
4025,A
4026,A
4027,A
4028,A
4029,A
4030,B
4031,B
4032,B
4033,A
4034,B
4035,B
4036,B
4037,B
4038,B
4039,A
4040,B
4041,A
4042,A
4043,B
4044,B
4045,B
4046,B
4047,B
4048,A
4049,A
4050,B
4051,A
4052,A
4053,B
4054,A
4055,A
4056,A
4057,B
4058,B
4059,B
4060,B
4061,B
4062,B
4063,A
4064,A
4065,B
4066,B
4067,A
4068,A
4069,A
4070,A
4071,A
4072,A
4073,A
4074,B
4075,B
4076,B
4077,A
4078,A
4079,B
4080,B
4081,B
4082,A
4083,B
4084,A
4085,A
4086,A
4087,A
4088,A
4089,A
4090,B
4091,A
4092,A
4093,A
4094,A
4095,A
4096,A
4097,A
4098,A
4099,A
4100,A
4101,B
4102,A
4103,A
4104,B
4105,B
4106,B
4107,A
4108,A
4109,B
4110,B
4111,B
4112,B
4113,A
4114,A
4115,A
4116,A
4117,A
4118,A
4119,B
4120,B
4121,B
4122,B
4123,A
4124,A
4125,B
4126,A
4127,B
4128,A
4129,B
4130,A
4131,B
4132,B
4133,B
4134,A
4135,A
4136,A
4137,B
4138,B
4139,B
4140,B
4141,B
4142,A
4143,B
4144,B
4145,B
4146,B
4147,A
4148,A
4149,A
4150,B
4151,B
4152,A
4153,B
4154,A
4155,A
4156,B
4157,B
4158,B
4159,A
4160,A
4161,B
4162,A
4163,B
4164,A
4165,A
4166,A
4167,B
4168,B
4169,A
4170,B
4171,A
4172,A
4173,B
4174,A
4175,A
4176,B
4177,A
4178,A
4179,B
4180,B
4181,B
4182,A
4183,A
4184,B
4185,A
4186,A
4187,B
4188,B
4189,B
4190,B
4191,B
4192,A
4193,A
4194,B
4195,B
4196,B
4197,B
4198,A
4199,B
4200,A
4201,A
4202,A
4203,B
4204,B
4205,A
4206,B
4207,A
4208,A
4209,A
4210,B
4211,A
4212,B
4213,A
4214,B
4215,A
4216,A
4217,B
4218,A
4219,B
4220,B
4221,A
4222,A
4223,B
4224,A
4225,B
4226,A
4227,B
4228,B
4229,B
4230,A
4231,A
4232,A
4233,A
4234,A
4235,A
4236,B
4237,A
4238,A
4239,B
4240,A
4241,A
4242,A
4243,B
4244,A
4245,B
4246,B
4247,B
4248,A
4249,A
4250,B
4251,A
4252,B
4253,B
4254,A
4255,A
4256,A
4257,B
4258,B
4259,A
4260,B
4261,A
4262,B
4263,A
4264,B
4265,A
4266,B
4267,A
4268,B
4269,A
4270,B
4271,B
4272,A
4273,B
4274,B
4275,B
4276,A
4277,B
4278,A
4279,A
4280,B
4281,B
4282,B
4283,A
4284,B
4285,A
4286,B
4287,B
4288,A
4289,B
4290,B
4291,A
4292,B
4293,A
4294,B
4295,A
4296,B
4297,B
4298,B
4299,A
4300,B
4301,B
4302,A
4303,B
4304,B
4305,A
4306,A
4307,A
4308,A
4309,A
4310,A
4311,B
4312,A
4313,A
4314,B
4315,B
4316,A
4317,A
4318,B
4319,B
4320,B
4321,A
4322,A
4323,B
4324,A
4325,A
4326,B
4327,A
4328,A
4329,B
4330,B
4331,A
4332,A
4333,B
4334,B
4335,A
4336,A
4337,B
4338,B
4339,A
4340,B
4341,A
4342,B
4343,A
4344,A
4345,B
4346,B
4347,B
4348,B
4349,A
4350,A
4351,B
4352,B
4353,B
4354,B
4355,B
4356,B
4357,B
4358,B
4359,B
4360,A
4361,B
4362,B
4363,B
4364,B
4365,B
4366,A
4367,B
4368,B
4369,A
4370,B
4371,A
4372,B
4373,A
4374,A
4375,B
4376,B
4377,B
4378,B
4379,B
4380,B
4381,A
4382,B
4383,B
4384,B
4385,B
4386,A
4387,B
4388,B
4389,A
4390,A
4391,B
4392,A
4393,B
4394,B
4395,B
4396,B
4397,A
4398,B
4399,B
4400,B
4401,A
4402,B
4403,A
4404,A
4405,A
4406,A
4407,B
4408,A
4409,A
4410,A
4411,A
4412,B
4413,A
4414,B
4415,A
4416,B
4417,A
4418,B
4419,B
4420,B
4421,B
4422,B
4423,A
4424,B
4425,A
4426,A
4427,B
4428,B
4429,A
4430,B
4431,A
4432,A
4433,A
4434,A
4435,B
4436,B
4437,A
4438,A
4439,A
4440,B
4441,B
4442,B
4443,B
4444,B
4445,A
4446,A
4447,B
4448,B
4449,B
4450,B
4451,A
4452,B
4453,A
4454,A
4455,A
4456,B
4457,A
4458,A
4459,B
4460,B
4461,A
4462,A
4463,B
4464,B
4465,B
4466,B
4467,A
4468,B
4469,B
4470,A
4471,A
4472,A
4473,B
4474,A
4475,A
4476,B
4477,A
4478,B
4479,A
4480,A
4481,A
4482,B
4483,B
4484,B
4485,B
4486,B
4487,B
4488,A
4489,A
4490,B
4491,A
4492,A
4493,B
4494,A
4495,B
4496,A
4497,A
4498,B
4499,A
4500,B
4501,A
4502,A
4503,B
4504,A
4505,B
4506,A
4507,A
4508,A
4509,B
4510,B
4511,A
4512,A
4513,B
4514,A
4515,B
4516,B
4517,B
4518,B
4519,B
4520,B
4521,A
4522,B
4523,A
4524,B
4525,A
4526,B
4527,A
4528,B
4529,A
4530,B
4531,A
4532,A
4533,A
4534,A
4535,B
4536,B
4537,A
4538,A
4539,A
4540,A
4541,A
4542,B
4543,B
4544,B
4545,A
4546,B
4547,B
4548,B
4549,A
4550,A
4551,B
4552,A
4553,B
4554,A
4555,B
4556,B
4557,B
4558,B
4559,B
4560,A
4561,A
4562,A
4563,B
4564,A
4565,B
4566,B
4567,B
4568,B
4569,B
4570,A
4571,B
4572,B
4573,A
4574,B
4575,B
4576,B
4577,B
4578,B
4579,B
4580,B
4581,B
4582,A
4583,A
4584,A
4585,A
4586,A
4587,A
4588,B
4589,A
4590,A
4591,A
4592,A
4593,B
4594,B
4595,B
4596,B
4597,B
4598,A
4599,B
4600,B
4601,A
4602,A
4603,B
4604,B
4605,B
4606,A
4607,A
4608,B
4609,A
4610,A
4611,A
4612,B
4613,B
4614,A
4615,A
4616,A
4617,A
4618,A
4619,A
4620,A
4621,B
4622,B
4623,B
4624,A
4625,B
4626,B
4627,A
4628,B
4629,B
4630,A
4631,B
4632,A
4633,B
4634,B
4635,B
4636,A
4637,A
4638,A
4639,A
4640,B
4641,B
4642,B
4643,B
4644,B
4645,A
4646,B
4647,B
4648,B
4649,B
4650,B
4651,B
4652,B
4653,A
4654,B
4655,A
4656,A
4657,A
4658,A
4659,B
4660,A
4661,B
4662,A
4663,A
4664,A
4665,A
4666,A
4667,A
4668,B
4669,B
4670,A
4671,A
4672,B
4673,A
4674,B
4675,B
4676,B
4677,B
4678,A
4679,B
4680,A
4681,B
4682,B
4683,A
4684,A
4685,A
4686,A
4687,A
4688,B
4689,A
4690,B
4691,B
4692,A
4693,A
4694,A
4695,A
4696,A
4697,A
4698,B
4699,B
4700,B
4701,B
4702,B
4703,B
4704,B
4705,A
4706,A
4707,B
4708,B
4709,A
4710,B
4711,A
4712,B
4713,A
4714,B
4715,A
4716,A
4717,A
4718,A
4719,A
4720,A
4721,A
4722,B
4723,A
4724,B
4725,A
4726,A
4727,A
4728,B
4729,B
4730,A
4731,A
4732,A
4733,A
4734,A
4735,B
4736,B
4737,B
4738,A
4739,B
4740,A
4741,A
4742,A
4743,B
4744,A
4745,A
4746,A
4747,B
4748,A
4749,A
4750,B
4751,A
4752,B
4753,A
4754,B
4755,A
4756,B
4757,B
4758,A
4759,B
4760,A
4761,B
4762,B
4763,B
4764,B
4765,B
4766,B
4767,B
4768,B
4769,A
4770,B
4771,B
4772,A
4773,B
4774,B
4775,A
4776,A
4777,B
4778,B
4779,A
4780,B
4781,B
4782,B
4783,A
4784,A
4785,B
4786,A
4787,B
4788,A
4789,B
4790,B
4791,A
4792,B
4793,A
4794,A
4795,A
4796,A
4797,A
4798,B
4799,A
4800,A
4801,B
4802,B
4803,A
4804,A
4805,A
4806,A
4807,B
4808,A
4809,B
4810,A
4811,A
4812,A
4813,A
4814,A
4815,B
4816,B
4817,B
4818,B
4819,A
4820,B
4821,A
4822,B
4823,B
4824,A
4825,B
4826,B
4827,B
4828,B
4829,B
4830,B
4831,A
4832,B
4833,B
4834,B
4835,A
4836,A
4837,A
4838,B
4839,A
4840,A
4841,A
4842,B
4843,A
4844,A
4845,A
4846,B
4847,A
4848,B
4849,A
4850,B
4851,A
4852,A
4853,A
4854,A
4855,A
4856,B
4857,B
4858,A
4859,A
4860,A
4861,B
4862,A
4863,A
4864,B
4865,A
4866,B
4867,B
4868,B
4869,B
4870,A
4871,A
4872,A
4873,A
4874,A
4875,A
4876,B
4877,A
4878,A
4879,A
4880,A
4881,A
4882,A
4883,A
4884,A
4885,A
4886,B
4887,A
4888,A
4889,B
4890,A
4891,B
4892,B
4893,B
4894,A
4895,A
4896,B
4897,B
4898,A
4899,A
4900,A
4901,A
4902,B
4903,B
4904,A
4905,B
4906,A
4907,A
4908,A
4909,B
4910,B
4911,B
4912,A
4913,B
4914,B
4915,A
4916,B
4917,B
4918,A
4919,A
4920,A
4921,A
4922,B
4923,A
4924,B
4925,A
4926,B
4927,B
4928,A
4929,A
4930,A
4931,B
4932,A
4933,A
4934,A
4935,A
4936,A
4937,A
4938,B
4939,A
4940,A
4941,A
4942,A
4943,A
4944,B
4945,A
4946,A
4947,B
4948,A
4949,A
4950,A
4951,B
4952,B
4953,A
4954,B
4955,A
4956,B
4957,A
4958,B
4959,A
4960,B
4961,B
4962,A
4963,B
4964,A
4965,A
4966,A
4967,B
4968,A
4969,B
4970,A
4971,A
4972,A
4973,B
4974,A
4975,B
4976,A
4977,A
4978,B
4979,B
4980,B
4981,B
4982,A
4983,B
4984,A
4985,A
4986,B
4987,A
4988,B
4989,A
4990,A
4991,A
4992,A
4993,A
4994,A
4995,B
4996,A
4997,B
4998,B
4999,A
5000,A
5001,B
5002,A
5003,B
5004,A
5005,B
5006,A
5007,B
5008,A
5009,B
5010,B
5011,A
5012,A
5013,A
5014,B
5015,A
5016,A
5017,A
5018,B
5019,A
5020,B
5021,B
5022,A
5023,B
5024,A
5025,A
5026,B
5027,A
5028,B
5029,B
5030,B
5031,A
5032,B
5033,B
5034,A
5035,B
5036,A
5037,B
5038,B
5039,A
5040,A
5041,B
5042,A
5043,B
5044,B
5045,B
5046,B
5047,A
5048,A
5049,A
5050,B
5051,A
5052,A
5053,B
5054,B
5055,A
5056,A
5057,A
5058,A
5059,A
5060,B
5061,B
5062,A
5063,A
5064,A
5065,A
5066,B
5067,B
5068,A
5069,A
5070,A
5071,A
5072,B
5073,B
5074,B
5075,A
5076,A
5077,B
5078,A
5079,A
5080,B
5081,A
5082,B
5083,A
5084,A
5085,A
5086,B
5087,A
5088,A
5089,B
5090,B
5091,A
5092,B
5093,B
5094,B
5095,A
5096,B
5097,A
5098,B
5099,A
5100,A
5101,A
5102,B
5103,A
5104,A
5105,B
5106,B
5107,A
5108,B
5109,B
5110,A
5111,B
5112,A
5113,A
5114,A
5115,B
5116,B
5117,B
5118,A
5119,A
5120,B
5121,B
5122,B
5123,B
5124,B
5125,A
5126,B
5127,B
5128,A
5129,A
5130,A
5131,A
5132,B
5133,B
5134,B
5135,A
5136,B
5137,A
5138,B
5139,A
5140,A
5141,A
5142,B
5143,A
5144,B
5145,A
5146,A
5147,A
5148,B
5149,A
5150,B
5151,B
5152,B
5153,A
5154,B
5155,B
5156,A
5157,B
5158,A
5159,B
5160,B
5161,A
5162,A
5163,A
5164,B
5165,B
5166,A
5167,A
5168,B
5169,A
5170,B
5171,A
5172,B
5173,B
5174,A
5175,A
5176,B
5177,B
5178,B
5179,B
5180,B
5181,A
5182,A
5183,B
5184,B
5185,A
5186,B
5187,B
5188,A
5189,B
5190,A
5191,A
5192,B
5193,A
5194,B
5195,A
5196,A
5197,A
5198,B
5199,B
5200,B
5201,B
5202,A
5203,B
5204,A
5205,A
5206,A
5207,A
5208,B
5209,A
5210,B
5211,B
5212,A
5213,A
5214,B
5215,B
5216,A
5217,B
5218,B
5219,B
5220,A
5221,B
5222,A
5223,B
5224,B
5225,B
5226,A
5227,A
5228,B
5229,B
5230,B
5231,B
5232,B
5233,B
5234,B
5235,A
5236,B
5237,B
5238,B
5239,A
5240,B
5241,B
5242,B
5243,A
5244,A
5245,B
5246,B
5247,B
5248,B
5249,B
5250,A
5251,A
5252,B
5253,B
5254,A
5255,A
5256,B
5257,B
5258,B
5259,B
5260,B
5261,A
5262,A
5263,B
5264,A
5265,B
5266,B
5267,B
5268,A
5269,A
5270,B
5271,B
5272,A
5273,B
5274,A
5275,B
5276,B
5277,B
5278,B
5279,A
5280,B
5281,B
5282,B
5283,B
5284,A
5285,B
5286,B
5287,B
5288,A
5289,A
5290,A
5291,A
5292,B
5293,B
5294,A
5295,A
5296,B
5297,A
5298,A
5299,A
5300,A
5301,A
5302,A
5303,B
5304,B
5305,A
5306,B
5307,A
5308,B
5309,B
5310,A
5311,B
5312,A
5313,A
5314,B
5315,A
5316,A
5317,A
5318,A
5319,B
5320,A
5321,A
5322,B
5323,B
5324,B
5325,A
5326,B
5327,A
5328,A
5329,A
5330,B
5331,B
5332,A
5333,A
5334,A
5335,B
5336,B
5337,B
5338,A
5339,B
5340,B
5341,A
5342,B
5343,A
5344,A
5345,A
5346,A
5347,B
5348,A
5349,A
5350,A
5351,B
5352,B
5353,B
5354,B
5355,A
5356,A
5357,B
5358,A
5359,B
5360,A
5361,B
5362,B
5363,A
5364,B
5365,B
5366,B
5367,A
5368,A
5369,A
5370,B
5371,B
5372,B
5373,A
5374,A
5375,B
5376,A
5377,B
5378,A
5379,B
5380,B
5381,B
5382,A
5383,B
5384,A
5385,A
5386,A
5387,A
5388,A
5389,A
5390,A
5391,A
5392,A
5393,A
5394,B
5395,B
5396,B
5397,B
5398,B
5399,A
5400,B
5401,A
5402,B
5403,A
5404,A
5405,A
5406,B
5407,A
5408,B
5409,B
5410,A
5411,B
5412,B
5413,A
5414,B
5415,B
5416,B
5417,A
5418,A
5419,B
5420,B
5421,A
5422,B
5423,B
5424,A
5425,B
5426,B
5427,A
5428,A
5429,B
5430,B
5431,A
5432,A
5433,A
5434,B
5435,B
5436,B
5437,B
5438,A
5439,B
5440,B
5441,A
5442,B
5443,B
5444,A
5445,A
5446,B
5447,B
5448,B
5449,A
5450,A
5451,B
5452,B
5453,A
5454,B
5455,B
5456,B
5457,A
5458,A
5459,A
5460,B
5461,B
5462,B
5463,A
5464,A
5465,A
5466,A
5467,B
5468,A
5469,A
5470,B
5471,A
5472,B
5473,B
5474,B
5475,A
5476,B
5477,B
5478,A
5479,A
5480,B
5481,A
5482,B
5483,A
5484,B
5485,A
5486,B
5487,B
5488,A
5489,A
5490,B
5491,B
5492,B
5493,A
5494,A
5495,B
5496,B
5497,A
5498,A
5499,B
5500,B
5501,A
5502,A
5503,A
5504,B
5505,B
5506,A
5507,B
5508,A
5509,A
5510,A
5511,A
5512,B
5513,A
5514,A
5515,B
5516,B
5517,B
5518,A
5519,A
5520,A
5521,A
5522,B
5523,B
5524,A
5525,A
5526,B
5527,B
5528,B
5529,A
5530,B
5531,B
5532,A
5533,B
5534,B
5535,B
5536,A
5537,B
5538,B
5539,B
5540,B
5541,A
5542,B
5543,A
5544,B
5545,B
5546,A
5547,A
5548,A
5549,A
5550,A
5551,B
5552,B
5553,B
5554,B
5555,B
5556,B
5557,A
5558,A
5559,A
5560,B
5561,B
5562,B
5563,A
5564,A
5565,A
5566,A
5567,A
5568,B
5569,A
5570,B
5571,A
5572,B
5573,B
5574,B
5575,B
5576,B
5577,A
5578,A
5579,B
5580,A
5581,A
5582,A
5583,A
5584,A
5585,B
5586,A
5587,B
5588,B
5589,B
5590,B
5591,A
5592,A
5593,B
5594,A
5595,A
5596,A
5597,B
5598,A
5599,B
5600,B
5601,A
5602,A
5603,B
5604,A
5605,A
5606,B
5607,A
5608,A
5609,A
5610,B
5611,A
5612,B
5613,B
5614,A
5615,B
5616,A
5617,B
5618,B
5619,B
5620,A
5621,B
5622,B
5623,B
5624,B
5625,B
5626,B
5627,B
5628,A
5629,B
5630,A
5631,B
5632,A
5633,A
5634,B
5635,B
5636,A
5637,B
5638,A
5639,A
5640,B
5641,B
5642,B
5643,B
5644,B
5645,B
5646,B
5647,B
5648,B
5649,B
5650,B
5651,B
5652,B
5653,B
5654,A
5655,B
5656,B
5657,B
5658,B
5659,A
5660,A
5661,B
5662,A
5663,B
5664,B
5665,A
5666,A
5667,A
5668,A
5669,A
5670,A
5671,A
5672,B
5673,B
5674,A
5675,B
5676,B
5677,B
5678,A
5679,A
5680,B
5681,A
5682,B
5683,B
5684,A
5685,A
5686,B
5687,A
5688,B
5689,A
5690,A
5691,A
5692,B
5693,A
5694,B
5695,A
5696,A
5697,A
5698,B
5699,A
5700,A
5701,A
5702,A
5703,A
5704,B
5705,A
5706,B
5707,B
5708,A
5709,B
5710,A
5711,B
5712,B
5713,B
5714,A
5715,A
5716,B
5717,A
5718,B
5719,B
5720,A
5721,B
5722,A
5723,B
5724,B
5725,B
5726,A
5727,B
5728,A
5729,A
5730,B
5731,A
5732,B
5733,B
5734,A
5735,A
5736,A
5737,B
5738,B
5739,A
5740,B
5741,B
5742,B
5743,B
5744,A
5745,B
5746,B
5747,A
5748,A
5749,B
5750,B
5751,B
5752,B
5753,B
5754,B
5755,B
5756,A
5757,B
5758,A
5759,A
5760,B
5761,A
5762,A
5763,A
5764,A
5765,A
5766,B
5767,B
5768,A
5769,B
5770,B
5771,A
5772,B
5773,A
5774,B
5775,B
5776,A
5777,B
5778,A
5779,A
5780,B
5781,B
5782,B
5783,B
5784,B
5785,A
5786,B
5787,A
5788,A
5789,B
5790,A
5791,B
5792,A
5793,A
5794,B
5795,A
5796,B
5797,A
5798,B
5799,B
5800,A
5801,A
5802,B
5803,A
5804,B
5805,B
5806,B
5807,A
5808,B
5809,B
5810,A
5811,A
5812,B
5813,A
5814,A
5815,A
5816,A
5817,B
5818,A
5819,B
5820,B
5821,B
5822,B
5823,B
5824,A
5825,B
5826,A
5827,B
5828,B
5829,A
5830,B
5831,B
5832,A
5833,A
5834,B
5835,B
5836,A
5837,A
5838,A
5839,A
5840,B
5841,B
5842,B
5843,A
5844,A
5845,B
5846,A
5847,B
5848,B
5849,B
5850,B
5851,A
5852,A
5853,A
5854,A
5855,B
5856,A
5857,A
5858,A
5859,B
5860,A
5861,A
5862,A
5863,B
5864,B
5865,A
5866,B
5867,A
5868,A
5869,A
5870,A
5871,A
5872,B
5873,A
5874,B
5875,B
5876,A
5877,A
5878,A
5879,A
5880,A
5881,B
5882,B
5883,A
5884,A
5885,A
5886,A
5887,A
5888,A
5889,A
5890,A
5891,B
5892,B
5893,A
5894,A
5895,B
5896,B
5897,A
5898,B
5899,B
5900,A
5901,A
5902,A
5903,B
5904,B
5905,A
5906,B
5907,A
5908,A
5909,A
5910,A
5911,B
5912,A
5913,B
5914,B
5915,A
5916,B
5917,A
5918,A
5919,A
5920,B
5921,A
5922,A
5923,B
5924,A
5925,A
5926,A
5927,B
5928,A
5929,A
5930,A
5931,A
5932,B
5933,B
5934,B
5935,A
5936,B
5937,B
5938,B
5939,A
5940,A
5941,B
5942,B
5943,A
5944,A
5945,A
5946,B
5947,A
5948,B
5949,B
5950,B
5951,B
5952,B
5953,A
5954,A
5955,B
5956,A
5957,A
5958,A
5959,B
5960,B
5961,B
5962,B
5963,A
5964,A
5965,A
5966,A
5967,B
5968,B
5969,B
5970,B
5971,B
5972,B
5973,A
5974,A
5975,A
5976,B
5977,B
5978,B
5979,A
5980,B
5981,A
5982,B
5983,B
5984,A
5985,A
5986,B
5987,A
5988,B
5989,A
5990,A
5991,B
5992,A
5993,B
5994,A
5995,A
5996,B
5997,B
5998,A
5999,B
6000,B
6001,A
6002,A
6003,A
6004,B
6005,A
6006,A
6007,B
6008,A
6009,A
6010,B
6011,B
6012,B
6013,A
6014,B
6015,A
6016,A
6017,A
6018,B
6019,B
6020,B
6021,B
6022,B
6023,B
6024,B
6025,A
6026,A
6027,A
6028,A
6029,A
6030,A
6031,B
6032,B
6033,B
6034,B
6035,B
6036,B
6037,A
6038,A
6039,A
6040,B
6041,A
6042,B
6043,B
6044,B
6045,A
6046,B
6047,B
6048,B
6049,A
6050,A
6051,B
6052,A
6053,B
6054,A
6055,B
6056,A
6057,B
6058,A
6059,B
6060,B
6061,B
6062,A
6063,B
6064,B
6065,B
6066,A
6067,B
6068,B
6069,A
6070,B
6071,B
6072,A
6073,A
6074,A
6075,A
6076,A
6077,B
6078,B
6079,B
6080,B
6081,A
6082,B
6083,B
6084,B
6085,A
6086,A
6087,B
6088,A
6089,B
6090,A
6091,A
6092,A
6093,B
6094,A
6095,A
6096,A
6097,A
6098,A
6099,B
6100,A
6101,B
6102,B
6103,A
6104,B
6105,B
6106,A
6107,A
6108,A
6109,A
6110,A
6111,B
6112,A
6113,B
6114,B
6115,A
6116,B
6117,A
6118,B
6119,A
6120,B
6121,B
6122,A
6123,B
6124,B
6125,A
6126,A
6127,B
6128,B
6129,A
6130,A
6131,A
6132,B
6133,A
6134,A
6135,A
6136,A
6137,A
6138,B
6139,A
6140,A
6141,B
6142,A
6143,B
6144,B
6145,A
6146,A
6147,B
6148,A
6149,A
6150,B
6151,A
6152,A
6153,A
6154,B
6155,B
6156,B
6157,A
6158,B
6159,A
6160,B
6161,B
6162,B
6163,A
6164,A
6165,B
6166,A
6167,A
6168,A
6169,A
6170,A
6171,B
6172,B
6173,A
6174,A
6175,A
6176,B
6177,B
6178,A
6179,A
6180,A
6181,B
6182,A
6183,B
6184,A
6185,B
6186,B
6187,B
6188,A
6189,A
6190,A
6191,A
6192,B
6193,A
6194,B
6195,A
6196,A
6197,A
6198,A
6199,A
6200,B
6201,A
6202,A
6203,A
6204,A
6205,B
6206,B
6207,B
6208,A
6209,A
6210,A
6211,A
6212,B
6213,A
6214,A
6215,B
6216,A
6217,B
6218,A
6219,B
6220,B
6221,A
6222,B
6223,A
6224,A
6225,B
6226,A
6227,A
6228,A
6229,A
6230,A
6231,A
6232,B
6233,B
6234,B
6235,B
6236,A
6237,B
6238,A
6239,A
6240,B
6241,A
6242,B
6243,B
6244,A
6245,B
6246,A
6247,B
6248,B
6249,A
6250,B
6251,B
6252,B
6253,A
6254,B
6255,A
6256,B
6257,B
6258,A
6259,B
6260,A
6261,B
6262,B
6263,B
6264,A
6265,B
6266,A
6267,A
6268,B
6269,B
6270,A
6271,A
6272,A
6273,A
6274,A
6275,A
6276,B
6277,A
6278,B
6279,B
6280,B
6281,B
6282,B
6283,A
6284,B
6285,B
6286,A
6287,A
6288,B
6289,B
6290,A
6291,A
6292,A
6293,B
6294,B
6295,A
6296,A
6297,A
6298,A
6299,B
6300,A
6301,B
6302,A
6303,B
6304,B
6305,B
6306,A
6307,B
6308,B
6309,B
6310,B
6311,A
6312,B
6313,B
6314,A
6315,B
6316,B
6317,B
6318,A
6319,A
6320,A
6321,A
6322,A
6323,B
6324,A
6325,A
6326,A
6327,B
6328,B
6329,A
6330,A
6331,B
6332,B
6333,A
6334,B
6335,A
6336,B
6337,A
6338,B
6339,A
6340,A
6341,B
6342,B
6343,A
6344,A
6345,A
6346,A
6347,A
6348,B
6349,A
6350,B
6351,A
6352,A
6353,A
6354,B
6355,A
6356,B
6357,A
6358,A
6359,B
6360,B
6361,B
6362,A
6363,B
6364,A
6365,A
6366,A
6367,A
6368,A
6369,A
6370,B
6371,B
6372,A
6373,A
6374,A
6375,A
6376,A
6377,A
6378,B
6379,B
6380,A
6381,A
6382,B
6383,A
6384,B
6385,A
6386,B
6387,B
6388,A
6389,A
6390,A
6391,A
6392,A
6393,A
6394,B
6395,A
6396,B
6397,B
6398,B
6399,B
6400,B
6401,B
6402,B
6403,B
6404,A
6405,A
6406,A
6407,A
6408,A
6409,B
6410,B
6411,A
6412,A
6413,A
6414,A
6415,B
6416,B
6417,A
6418,A
6419,A
6420,A
6421,A
6422,A
6423,B
6424,A
6425,B
6426,A
6427,B
6428,B
6429,A
6430,A
6431,A
6432,A
6433,B
6434,A
6435,B
6436,A
6437,A
6438,B
6439,B
6440,A
6441,A
6442,A
6443,A
6444,A
6445,B
6446,B
6447,A
6448,B
6449,A
6450,A
6451,B
6452,B
6453,A
6454,A
6455,A
6456,A
6457,A
6458,A
6459,A
6460,A
6461,B
6462,A
6463,B
6464,A
6465,A
6466,B
6467,B
6468,B
6469,B
6470,A
6471,A
6472,A
6473,B
6474,A
6475,A
6476,B
6477,A
6478,B
6479,A
6480,B
6481,B
6482,B
6483,B
6484,A
6485,B
6486,B
6487,A
6488,B
6489,B
6490,A
6491,A
6492,B
6493,A
6494,A
6495,A
6496,A
6497,B
6498,B
6499,B
6500,B
6501,B
6502,A
6503,A
6504,B
6505,B
6506,A
6507,B
6508,B
6509,B
6510,B
6511,B
6512,B
6513,B
6514,B
6515,A
6516,B
6517,B
6518,B
6519,B
6520,B
6521,B
6522,B
6523,B
6524,A
6525,B
6526,A
6527,A
6528,B
6529,B
6530,B
6531,A
6532,B
6533,A
6534,B
6535,A
6536,B
6537,B
6538,A
6539,B
6540,B
6541,A
6542,B
6543,B
6544,A
6545,A
6546,B
6547,A
6548,B
6549,A
6550,B
6551,A
6552,A
6553,B
6554,B
6555,A
6556,A
6557,B
6558,A
6559,A
6560,A
6561,B
6562,B
6563,B
6564,A
6565,B
6566,A
6567,A
6568,B
6569,B
6570,A
6571,A
6572,A
6573,A
6574,B
6575,A
6576,A
6577,A
6578,B
6579,B
6580,A
6581,A
6582,B
6583,A
6584,A
6585,A
6586,A
6587,B
6588,B
6589,B
6590,A
6591,B
6592,A
6593,A
6594,B
6595,A
6596,A
6597,B
6598,A
6599,B
6600,B
6601,A
6602,A
6603,A
6604,A
6605,A
6606,A
6607,B
6608,B
6609,A
6610,B
6611,B
6612,B
6613,B
6614,B
6615,B
6616,B
6617,B
6618,B
6619,B
6620,B
6621,A
6622,B
6623,B
6624,B
6625,B
6626,A
6627,B
6628,A
6629,A
6630,B
6631,B
6632,A
6633,A
6634,B
6635,B
6636,A
6637,A
6638,B
6639,B
6640,B
6641,A
6642,B
6643,A
6644,A
6645,B
6646,B
6647,B
6648,A
6649,A
6650,B
6651,A
6652,B
6653,A
6654,B
6655,A
6656,B
6657,A
6658,A
6659,A
6660,A
6661,B
6662,B
6663,B
6664,A
6665,A
6666,B
6667,B
6668,B
6669,B
6670,A
6671,A
6672,A
6673,B
6674,A
6675,A
6676,B
6677,B
6678,B
6679,B
6680,A
6681,A
6682,B
6683,A
6684,A
6685,B
6686,A
6687,A
6688,B
6689,B
6690,A
6691,B
6692,B
6693,B
6694,A
6695,A
6696,A
6697,A
6698,B
6699,B
6700,B
6701,A
6702,B
6703,B
6704,A
6705,B
6706,A
6707,A
6708,A
6709,B
6710,A
6711,B
6712,B
6713,B
6714,A
6715,B
6716,B
6717,B
6718,B
6719,A
6720,A
6721,B
6722,B
6723,B
6724,A
6725,A
6726,A
6727,A
6728,A
6729,A
6730,A
6731,B
6732,B
6733,B
6734,B
6735,A
6736,B
6737,A
6738,B
6739,A
6740,A
6741,B
6742,A
6743,A
6744,A
6745,B
6746,A
6747,A
6748,A
6749,B
6750,B
6751,B
6752,B
6753,B
6754,A
6755,A
6756,A
6757,A
6758,B
6759,A
6760,A
6761,A
6762,A
6763,A
6764,A
6765,B
6766,A
6767,A
6768,B
6769,A
6770,B
6771,A
6772,B
6773,A
6774,B
6775,B
6776,B
6777,A
6778,B
6779,A
6780,A
6781,B
6782,A
6783,B
6784,A
6785,A
6786,A
6787,B
6788,B
6789,A
6790,B
6791,B
6792,A
6793,B
6794,B
6795,B
6796,A
6797,A
6798,A
6799,A
6800,B
6801,A
6802,A
6803,B
6804,A
6805,B
6806,B
6807,B
6808,B
6809,B
6810,B
6811,B
6812,B
6813,B
6814,A
6815,B
6816,B
6817,A
6818,B
6819,B
6820,A
6821,B
6822,B
6823,A
6824,B
6825,A
6826,B
6827,A
6828,A
6829,B
6830,B
6831,A
6832,A
6833,A
6834,A
6835,B
6836,A
6837,A
6838,B
6839,B
6840,B
6841,B
6842,B
6843,A
6844,A
6845,B
6846,A
6847,B
6848,A
6849,A
6850,B
6851,A
6852,A
6853,A
6854,A
6855,B
6856,B
6857,A
6858,B
6859,A
6860,A
6861,B
6862,A
6863,B
6864,B
6865,A
6866,B
6867,A
6868,B
6869,B
6870,B
6871,A
6872,A
6873,A
6874,B
6875,B
6876,B
6877,A
6878,B
6879,A
6880,A
6881,A
6882,B
6883,B
6884,B
6885,A
6886,B
6887,A
6888,B
6889,B
6890,A
6891,A
6892,A
6893,A
6894,B
6895,A
6896,B
6897,A
6898,A
6899,A
6900,A
6901,B
6902,B
6903,B
6904,A
6905,A
6906,B
6907,A
6908,A
6909,B
6910,B
6911,A
6912,B
6913,B
6914,A
6915,B
6916,B
6917,B
6918,B
6919,A
6920,B
6921,B
6922,B
6923,A
6924,B
6925,A
6926,A
6927,A
6928,B
6929,B
6930,A
6931,B
6932,A
6933,B
6934,A
6935,A
6936,A
6937,B
6938,A
6939,B
6940,A
6941,B
6942,B
6943,A
6944,B
6945,A
6946,A
6947,B
6948,A
6949,A
6950,A
6951,B
6952,B
6953,B
6954,A
6955,A
6956,B
6957,B
6958,B
6959,A
6960,A
6961,B
6962,B
6963,B
6964,A
6965,B
6966,A
6967,A
6968,A
6969,A
6970,A
6971,A
6972,B
6973,B
6974,B
6975,A
6976,B
6977,A
6978,A
6979,B
6980,A
6981,A
6982,A
6983,B
6984,A
6985,A
6986,B
6987,A
6988,B
6989,A
6990,B
6991,B
6992,A
6993,B
6994,A
6995,A
6996,B
6997,A
6998,A
6999,A
7000,A
7001,A
7002,A
7003,A
7004,B
7005,A
7006,A
7007,B
7008,B
7009,B
7010,A
7011,A
7012,A
7013,B
7014,B
7015,B
7016,B
7017,A
7018,A
7019,B
7020,B
7021,B
7022,A
7023,B
7024,A
7025,B
7026,B
7027,B
7028,B
7029,A
7030,A
7031,A
7032,B
7033,B
7034,B
7035,A
7036,B
7037,A
7038,A
7039,A
7040,A
7041,B
7042,A
7043,B
7044,A
7045,B
7046,A
7047,B
7048,A
7049,A
7050,A
7051,B
7052,B
7053,B
7054,A
7055,A
7056,B
7057,A
7058,B
7059,A
7060,B
7061,A
7062,B
7063,B
7064,B
7065,B
7066,A
7067,A
7068,A
7069,A
7070,B
7071,A
7072,B
7073,A
7074,A
7075,B
7076,B
7077,A
7078,A
7079,A
7080,A
7081,A
7082,A
7083,A
7084,A
7085,B
7086,B
7087,A
7088,B
7089,B
7090,B
7091,B
7092,A
7093,A
7094,A
7095,B
7096,A
7097,A
7098,B
7099,A
7100,A
7101,A
7102,B
7103,B
7104,B
7105,A
7106,A
7107,A
7108,A
7109,B
7110,A
7111,A
7112,B
7113,A
7114,A
7115,B
7116,B
7117,A
7118,B
7119,B
7120,A
7121,A
7122,A
7123,A
7124,B
7125,B
7126,A
7127,B
7128,B
7129,B
7130,A
7131,A
7132,B
7133,A
7134,A
7135,B
7136,A
7137,B
7138,B
7139,A
7140,B
7141,A
7142,A
7143,B
7144,B
7145,B
7146,A
7147,B
7148,B
7149,B
7150,A
7151,A
7152,A
7153,B
7154,B
7155,A
7156,A
7157,A
7158,A
7159,A
7160,A
7161,B
7162,B
7163,B
7164,A
7165,A
7166,B
7167,B
7168,A
7169,A
7170,A
7171,B
7172,A
7173,B
7174,B
7175,B
7176,A
7177,A
7178,A
7179,A
7180,A
7181,B
7182,A
7183,A
7184,A
7185,B
7186,B
7187,A
7188,B
7189,A
7190,B
7191,A
7192,A
7193,A
7194,B
7195,A
7196,B
7197,A
7198,A
7199,B
7200,B
7201,B
7202,A
7203,A
7204,A
7205,B
7206,A
7207,A
7208,A
7209,B
7210,A
7211,B
7212,A
7213,B
7214,A
7215,B
7216,B
7217,A
7218,B
7219,A
7220,A
7221,B
7222,A
7223,A
7224,A
7225,B
7226,A
7227,A
7228,A
7229,A
7230,B
7231,A
7232,B
7233,B
7234,B
7235,B
7236,A
7237,A
7238,B
7239,B
7240,A
7241,A
7242,B
7243,B
7244,A
7245,A
7246,B
7247,A
7248,B
7249,A
7250,A
7251,A
7252,B
7253,A
7254,B
7255,B
7256,A
7257,A
7258,A
7259,B
7260,A
7261,B
7262,B
7263,A
7264,A
7265,A
7266,B
7267,B
7268,B
7269,A
7270,B
7271,B
7272,B
7273,A
7274,A
7275,A
7276,A
7277,A
7278,A
7279,B
7280,A
7281,A
7282,A
7283,A
7284,A
7285,B
7286,B
7287,B
7288,B
7289,A
7290,B
7291,B
7292,B
7293,B
7294,A
7295,B
7296,B
7297,A
7298,B
7299,B
7300,B
7301,B
7302,B
7303,A
7304,B
7305,A
7306,B
7307,A
7308,B
7309,A
7310,A
7311,A
7312,A
7313,B
7314,B
7315,B
7316,A
7317,A
7318,B
7319,A
7320,A
7321,B
7322,B
7323,A
7324,B
7325,B
7326,A
7327,B
7328,A
7329,B
7330,A
7331,A
7332,A
7333,B
7334,B
7335,B
7336,A
7337,B
7338,B
7339,B
7340,B
7341,B
7342,B
7343,B
7344,A
7345,A
7346,A
7347,B
7348,A
7349,B
7350,A
7351,A
7352,A
7353,B
7354,A
7355,A
7356,A
7357,A
7358,A
7359,B
7360,A
7361,B
7362,A
7363,B
7364,A
7365,B
7366,A
7367,A
7368,A
7369,B
7370,A
7371,B
7372,A
7373,B
7374,A
7375,B
7376,B
7377,A
7378,B
7379,A
7380,B
7381,A
7382,B
7383,A
7384,B
7385,A
7386,A
7387,A
7388,A
7389,B
7390,B
7391,A
7392,A
7393,B
7394,A
7395,B
7396,A
7397,A
7398,A
7399,A
7400,A
7401,A
7402,A
7403,B
7404,A
7405,B
7406,B
7407,A
7408,A
7409,B
7410,A
7411,B
7412,B
7413,A
7414,A
7415,B
7416,A
7417,A
7418,B
7419,A
7420,A
7421,A
7422,B
7423,B
7424,A
7425,B
7426,B
7427,A
7428,B
7429,A
7430,B
7431,B
7432,B
7433,A
7434,A
7435,A
7436,A
7437,A
7438,B
7439,A
7440,B
7441,B
7442,A
7443,B
7444,A
7445,B
7446,A
7447,B
7448,A
7449,A
7450,B
7451,B
7452,B
7453,B
7454,A
7455,A
7456,A
7457,B
7458,B
7459,A
7460,B
7461,B
7462,B
7463,B
7464,B
7465,B
7466,B
7467,B
7468,B
7469,B
7470,A
7471,A
7472,B
7473,B
7474,B
7475,B
7476,A
7477,B
7478,B
7479,A
7480,A
7481,B
7482,A
7483,B
7484,B
7485,A
7486,A
7487,A
7488,B
7489,B
7490,B
7491,B
7492,A
7493,B
7494,B
7495,B
7496,B
7497,A
7498,A
7499,A
7500,B
7501,A
7502,B
7503,B
7504,B
7505,B
7506,A
7507,B
7508,A
7509,B
7510,B
7511,A
7512,A
7513,B
7514,A
7515,B
7516,B
7517,B
7518,B
7519,A
7520,A
7521,B
7522,A
7523,B
7524,B
7525,B
7526,B
7527,A
7528,B
7529,B
7530,A
7531,B
7532,A
7533,A
7534,B
7535,B
7536,A
7537,A
7538,A
7539,A
7540,B
7541,B
7542,A
7543,A
7544,B
7545,A
7546,A
7547,B
7548,B
7549,A
7550,B
7551,A
7552,B
7553,B
7554,A
7555,B
7556,A
7557,A
7558,A
7559,B
7560,A
7561,A
7562,A
7563,A
7564,B
7565,A
7566,B
7567,A
7568,A
7569,A
7570,B
7571,B
7572,A
7573,A
7574,B
7575,B
7576,B
7577,B
7578,B
7579,B
7580,A
7581,B
7582,B
7583,A
7584,B
7585,A
7586,A
7587,B
7588,B
7589,B
7590,B
7591,A
7592,B
7593,A
7594,A
7595,B
7596,A
7597,A
7598,B
7599,B
7600,B
7601,B
7602,B
7603,B
7604,B
7605,B
7606,A
7607,B
7608,B
7609,B
7610,A
7611,B
7612,A
7613,B
7614,A
7615,B
7616,A
7617,A
7618,A
7619,A
7620,A
7621,B
7622,A
7623,A
7624,B
7625,B
7626,B
7627,A
7628,B
7629,A
7630,A
7631,B
7632,A
7633,B
7634,B
7635,B
7636,A
7637,B
7638,B
7639,A
7640,A
7641,B
7642,A
7643,B
7644,B
7645,A
7646,B
7647,B
7648,A
7649,B
7650,B
7651,B
7652,A
7653,B
7654,B
7655,A
7656,A
7657,B
7658,B
7659,B
7660,B
7661,A
7662,B
7663,B
7664,A
7665,B
7666,B
7667,A
7668,A
7669,B
7670,B
7671,A
7672,A
7673,A
7674,B
7675,B
7676,B
7677,B
7678,A
7679,B
7680,A
7681,A
7682,B
7683,A
7684,B
7685,B
7686,A
7687,B
7688,A
7689,A
7690,B
7691,A
7692,B
7693,B
7694,B
7695,B
7696,B
7697,A
7698,B
7699,A
7700,A
7701,A
7702,A
7703,A
7704,B
7705,B
7706,B
7707,B
7708,A
7709,A
7710,A
7711,A
7712,B
7713,A
7714,A
7715,B
7716,B
7717,B
7718,A
7719,B
7720,A
7721,B
7722,A
7723,A
7724,B
7725,A
7726,B
7727,B
7728,B
7729,B
7730,B
7731,A
7732,A
7733,A
7734,A
7735,B
7736,B
7737,A
7738,B
7739,B
7740,B
7741,A
7742,A
7743,B
7744,B
7745,B
7746,A
7747,A
7748,A
7749,A
7750,A
7751,A
7752,B
7753,B
7754,B
7755,A
7756,A
7757,A
7758,B
7759,B
7760,A
7761,B
7762,A
7763,B
7764,B
7765,A
7766,A
7767,B
7768,B
7769,A
7770,B
7771,B
7772,B
7773,A
7774,B
7775,A
7776,B
7777,B
7778,A
7779,B
7780,B
7781,B
7782,B
7783,A
7784,A
7785,A
7786,A
7787,A
7788,B
7789,B
7790,A
7791,A
7792,A
7793,B
7794,B
7795,B
7796,A
7797,B
7798,A
7799,A
7800,A
7801,B
7802,B
7803,A
7804,A
7805,A
7806,B
7807,B
7808,B
7809,B
7810,A
7811,A
7812,A
7813,A
7814,B
7815,B
7816,B
7817,B
7818,A
7819,A
7820,A
7821,B
7822,B
7823,B
7824,A
7825,B
7826,B
7827,B
7828,A
7829,A
7830,B
7831,A
7832,A
7833,A
7834,B
7835,B
7836,A
7837,A
7838,A
7839,B
7840,A
7841,A
7842,B
7843,A
7844,A
7845,B
7846,B
7847,A
7848,A
7849,A
7850,A
7851,A
7852,B
7853,A
7854,B
7855,A
7856,B
7857,A
7858,B
7859,A
7860,A
7861,B
7862,B
7863,B
7864,B
7865,B
7866,A
7867,A
7868,A
7869,B
7870,B
7871,A
7872,B
7873,B
7874,A
7875,A
7876,B
7877,A
7878,B
7879,B
7880,B
7881,B
7882,B
7883,B
7884,B
7885,A
7886,B
7887,A
7888,B
7889,B
7890,B
7891,A
7892,B
7893,B
7894,A
7895,A
7896,A
7897,B
7898,A
7899,B
7900,A
7901,B
7902,A
7903,B
7904,B
7905,A
7906,B
7907,B
7908,B
7909,A
7910,A
7911,B
7912,B
7913,B
7914,B
7915,A
7916,A
7917,A
7918,B
7919,A
7920,B
7921,B
7922,B
7923,B
7924,A
7925,B
7926,B
7927,A
7928,B
7929,B
7930,B
7931,B
7932,B
7933,A
7934,B
7935,A
7936,B
7937,A
7938,B
7939,A
7940,A
7941,A
7942,A
7943,A
7944,B
7945,A
7946,A
7947,B
7948,B
7949,A
7950,A
7951,B
7952,B
7953,B
7954,A
7955,B
7956,B
7957,B
7958,B
7959,A
7960,A
7961,B
7962,A
7963,B
7964,A
7965,B
7966,A
7967,A
7968,B
7969,B
7970,B
7971,B
7972,B
7973,A
7974,B
7975,B
7976,B
7977,A
7978,B
7979,A
7980,A
7981,B
7982,B
7983,A
7984,B
7985,B
7986,A
7987,B
7988,B
7989,A
7990,B
7991,B
7992,A
7993,A
7994,A
7995,B
7996,B
7997,A
7998,A
7999,B
8000,B
8001,A
8002,A
8003,B
8004,B
8005,A
8006,A
8007,A
8008,B
8009,A
8010,A
8011,A
8012,A
8013,A
8014,A
8015,B
8016,B
8017,B
8018,A
8019,B
8020,B
8021,A
8022,A
8023,A
8024,A
8025,B
8026,A
8027,A
8028,A
8029,B
8030,A
8031,B
8032,A
8033,A
8034,B
8035,A
8036,B
8037,B
8038,A
8039,B
8040,A
8041,B
8042,A
8043,B
8044,B
8045,A
8046,B
8047,B
8048,B
8049,A
8050,B
8051,A
8052,A
8053,A
8054,B
8055,B
8056,A
8057,A
8058,B
8059,B
8060,A
8061,B
8062,A
8063,A
8064,B
8065,B
8066,A
8067,A
8068,A
8069,A
8070,A
8071,B
8072,A
8073,B
8074,B
8075,B
8076,A
8077,A
8078,A
8079,B
8080,B
8081,A
8082,B
8083,B
8084,A
8085,B
8086,A
8087,B
8088,A
8089,B
8090,B
8091,A
8092,B
8093,A
8094,B
8095,B
8096,B
8097,A
8098,B
8099,A
8100,B
8101,A
8102,B
8103,B
8104,B
8105,B
8106,A
8107,A
8108,B
8109,B
8110,A
8111,B
8112,B
8113,A
8114,B
8115,A
8116,B
8117,B
8118,B
8119,B
8120,A
8121,A
8122,B
8123,B
8124,B
8125,B
8126,B
8127,A
8128,A
8129,B
8130,B
8131,A
8132,B
8133,B
8134,A
8135,A
8136,A
8137,A
8138,B
8139,A
8140,A
8141,B
8142,A
8143,A
8144,A
8145,A
8146,B
8147,B
8148,B
8149,A
8150,B
8151,B
8152,A
8153,B
8154,B
8155,A
8156,B
8157,A
8158,A
8159,A
8160,A
8161,A
8162,B
8163,A
8164,A
8165,B
8166,A
8167,A
8168,A
8169,A
8170,A
8171,B
8172,B
8173,A
8174,B
8175,A
8176,B
8177,A
8178,A
8179,B
8180,B
8181,A
8182,A
8183,B
8184,A
8185,A
8186,A
8187,A
8188,A
8189,B
8190,B
8191,A
8192,A
8193,B
8194,B
8195,A
8196,A
8197,B
8198,B
8199,B
8200,B
8201,B
8202,B
8203,B
8204,B
8205,A
8206,B
8207,A
8208,A
8209,A
8210,B
8211,B
8212,B
8213,A
8214,B
8215,A
8216,B
8217,A
8218,A
8219,B
8220,B
8221,A
8222,B
8223,B
8224,A
8225,B
8226,A
8227,A
8228,B
8229,A
8230,B
8231,B
8232,B
8233,B
8234,B
8235,B
8236,A
8237,A
8238,A
8239,A
8240,B
8241,B
8242,B
8243,B
8244,B
8245,A
8246,B
8247,B
8248,B
8249,A
8250,A
8251,B
8252,A
8253,A
8254,B
8255,A
8256,B
8257,B
8258,B
8259,B
8260,B
8261,B
8262,B
8263,B
8264,A
8265,A
8266,B
8267,A
8268,A
8269,B
8270,A
8271,B
8272,B
8273,B
8274,A
8275,B
8276,A
8277,A
8278,A
8279,B
8280,B
8281,A
8282,B
8283,B
8284,B
8285,A
8286,B
8287,B
8288,B
8289,B
8290,B
8291,B
8292,B
8293,A
8294,B
8295,B
8296,B
8297,A
8298,B
8299,B
8300,B
8301,A
8302,B
8303,B
8304,B
8305,B
8306,A
8307,A
8308,A
8309,B
8310,A
8311,A
8312,B
8313,B
8314,A
8315,A
8316,A
8317,A
8318,A
8319,A
8320,A
8321,A
8322,B
8323,B
8324,B
8325,A
8326,B
8327,A
8328,A
8329,A
8330,B
8331,A
8332,B
8333,B
8334,A
8335,A
8336,B
8337,B
8338,A
8339,B
8340,B
8341,B
8342,A
8343,A
8344,A
8345,B
8346,B
8347,B
8348,A
8349,B
8350,A
8351,A
8352,B
8353,B
8354,B
8355,B
8356,A
8357,A
8358,A
8359,A
8360,A
8361,A
8362,B
8363,A
8364,A
8365,A
8366,B
8367,A
8368,A
8369,B
8370,A
8371,A
8372,A
8373,A
8374,B
8375,B
8376,A
8377,B
8378,B
8379,A
8380,B
8381,A
8382,B
8383,B
8384,B
8385,A
8386,B
8387,A
8388,B
8389,A
8390,A
8391,B
8392,A
8393,B
8394,A
8395,A
8396,A
8397,A
8398,A
8399,A
8400,A
8401,A
8402,B
8403,B
8404,B
8405,B
8406,A
8407,B
8408,B
8409,A
8410,B
8411,B
8412,A
8413,A
8414,A
8415,A
8416,A
8417,B
8418,A
8419,B
8420,B
8421,A
8422,A
8423,B
8424,B
8425,A
8426,A
8427,B
8428,A
8429,A
8430,A
8431,B
8432,B
8433,B
8434,B
8435,A
8436,A
8437,B
8438,B
8439,B
8440,A
8441,A
8442,A
8443,B
8444,A
8445,A
8446,B
8447,B
8448,A
8449,A
8450,A
8451,A
8452,A
8453,B
8454,A
8455,B
8456,A
8457,A
8458,A
8459,B
8460,A
8461,B
8462,B
8463,A
8464,A
8465,B
8466,A
8467,A
8468,B
8469,A
8470,A
8471,B
8472,A
8473,B
8474,B
8475,A
8476,B
8477,A
8478,A
8479,B
8480,A
8481,B
8482,A
8483,A
8484,A
8485,A
8486,A
8487,A
8488,A
8489,A
8490,A
8491,B
8492,B
8493,A
8494,B
8495,B
8496,A
8497,B
8498,A
8499,B
8500,A
8501,B
8502,A
8503,B
8504,A
8505,B
8506,B
8507,B
8508,A
8509,B
8510,B
8511,B
8512,A
8513,A
8514,A
8515,A
8516,B
8517,B
8518,A
8519,B
8520,B
8521,B
8522,A
8523,B
8524,A
8525,B
8526,A
8527,B
8528,A
8529,B
8530,A
8531,A
8532,A
8533,B
8534,A
8535,B
8536,A
8537,B
8538,A
8539,B
8540,A
8541,A
8542,A
8543,B
8544,A
8545,A
8546,A
8547,A
8548,A
8549,B
8550,B
8551,B
8552,A
8553,A
8554,B
8555,B
8556,B
8557,A
8558,A
8559,B
8560,B
8561,A
8562,A
8563,B
8564,B
8565,A
8566,B
8567,B
8568,B
8569,A
8570,B
8571,A
8572,A
8573,A
8574,B
8575,A
8576,A
8577,A
8578,A
8579,A
8580,A
8581,B
8582,A
8583,B
8584,B
8585,A
8586,B
8587,B
8588,B
8589,A
8590,B
8591,B
8592,A
8593,B
8594,B
8595,B
8596,B
8597,B
8598,A
8599,B
8600,A
8601,A
8602,B
8603,A
8604,A
8605,B
8606,A
8607,B
8608,A
8609,A
8610,B
8611,A
8612,A
8613,A
8614,B
8615,B
8616,B
8617,B
8618,B
8619,B
8620,B
8621,A
8622,B
8623,A
8624,B
8625,A
8626,B
8627,A
8628,B
8629,A
8630,B
8631,A
8632,A
8633,A
8634,A
8635,A
8636,B
8637,B
8638,A
8639,B
8640,A
8641,B
8642,B
8643,A
8644,A
8645,A
8646,B
8647,B
8648,B
8649,B
8650,B
8651,B
8652,A
8653,B
8654,A
8655,B
8656,B
8657,B
8658,A
8659,A
8660,B
8661,A
8662,A
8663,B
8664,B
8665,A
8666,B
8667,B
8668,A
8669,A
8670,B
8671,B
8672,B
8673,B
8674,B
8675,A
8676,A
8677,A
8678,B
8679,B
8680,B
8681,A
8682,A
8683,B
8684,A
8685,B
8686,A
8687,B
8688,B
8689,A
8690,B
8691,A
8692,A
8693,B
8694,B
8695,B
8696,A
8697,B
8698,A
8699,B
8700,A
8701,B
8702,A
8703,B
8704,A
8705,B
8706,B
8707,A
8708,A
8709,B
8710,B
8711,B
8712,A
8713,A
8714,B
8715,B
8716,A
8717,A
8718,B
8719,A
8720,B
8721,B
8722,B
8723,A
8724,B
8725,A
8726,B
8727,B
8728,B
8729,B
8730,B
8731,B
8732,B
8733,A
8734,A
8735,B
8736,A
8737,A
8738,A
8739,A
8740,A
8741,A
8742,B
8743,A
8744,A
8745,A
8746,B
8747,A
8748,B
8749,A
8750,A
8751,A
8752,B
8753,B
8754,B
8755,B
8756,A
8757,B
8758,B
8759,B
8760,A
8761,A
8762,B
8763,B
8764,A
8765,B
8766,B
8767,A
8768,A
8769,A
8770,A
8771,A
8772,A
8773,B
8774,B
8775,A
8776,B
8777,A
8778,A
8779,A
8780,B
8781,B
8782,B
8783,A
8784,A
8785,A
8786,B
8787,A
8788,B
8789,A
8790,B
8791,A
8792,B
8793,A
8794,B
8795,B
8796,B
8797,B
8798,B
8799,A
8800,A
8801,B
8802,B
8803,B
8804,A
8805,A
8806,B
8807,A
8808,B
8809,B
8810,A
8811,A
8812,B
8813,A
8814,A
8815,A
8816,B
8817,B
8818,A
8819,A
8820,A
8821,B
8822,B
8823,B
8824,A
8825,A
8826,B
8827,B
8828,A
8829,A
8830,B
8831,A
8832,B
8833,B
8834,A
8835,A
8836,B
8837,B
8838,A
8839,A
8840,B
8841,A
8842,A
8843,A
8844,A
8845,A
8846,B
8847,B
8848,B
8849,A
8850,A
8851,A
8852,B
8853,A
8854,A
8855,B
8856,A
8857,B
8858,B
8859,A
8860,B
8861,B
8862,B
8863,A
8864,A
8865,A
8866,A
8867,B
8868,A
8869,A
8870,B
8871,A
8872,B
8873,B
8874,B
8875,A
8876,B
8877,A
8878,A
8879,A
8880,A
8881,A
8882,A
8883,A
8884,B
8885,B
8886,A
8887,B
8888,A
8889,A
8890,B
8891,A
8892,A
8893,B
8894,B
8895,A
8896,A
8897,A
8898,B
8899,A
8900,B
8901,A
8902,A
8903,B
8904,B
8905,B
8906,B
8907,B
8908,B
8909,A
8910,B
8911,B
8912,A
8913,A
8914,A
8915,B
8916,B
8917,A
8918,B
8919,B
8920,B
8921,A
8922,B
8923,B
8924,B
8925,B
8926,B
8927,A
8928,B
8929,B
8930,B
8931,A
8932,A
8933,B
8934,B
8935,A
8936,B
8937,A
8938,A
8939,A
8940,B
8941,A
8942,B
8943,A
8944,A
8945,A
8946,B
8947,B
8948,B
8949,A
8950,B
8951,B
8952,B
8953,B
8954,A
8955,A
8956,A
8957,A
8958,B
8959,A
8960,B
8961,A
8962,A
8963,A
8964,B
8965,B
8966,B
8967,A
8968,A
8969,A
8970,B
8971,A
8972,B
8973,A
8974,A
8975,A
8976,B
8977,B
8978,B
8979,B
8980,A
8981,A
8982,B
8983,B
8984,A
8985,B
8986,B
8987,B
8988,A
8989,A
8990,A
8991,B
8992,B
8993,B
8994,A
8995,A
8996,A
8997,A
8998,A
8999,B
9000,A
9001,B
9002,B
9003,A
9004,B
9005,B
9006,B
9007,B
9008,B
9009,A
9010,B
9011,B
9012,A
9013,B
9014,B
9015,A
9016,A
9017,A
9018,B
9019,A
9020,A
9021,B
9022,A
9023,B
9024,A
9025,B
9026,B
9027,A
9028,B
9029,B
9030,A
9031,A
9032,B
9033,B
9034,B
9035,A
9036,A
9037,B
9038,B
9039,B
9040,B
9041,B
9042,A
9043,A
9044,B
9045,B
9046,B
9047,B
9048,B
9049,B
9050,A
9051,B
9052,A
9053,B
9054,A
9055,A
9056,A
9057,A
9058,B
9059,B
9060,B
9061,A
9062,B
9063,B
9064,B
9065,B
9066,A
9067,A
9068,A
9069,A
9070,B
9071,B
9072,A
9073,B
9074,B
9075,B
9076,B
9077,B
9078,A
9079,B
9080,B
9081,B
9082,B
9083,A
9084,A
9085,B
9086,B
9087,B
9088,A
9089,B
9090,A
9091,A
9092,A
9093,A
9094,B
9095,B
9096,A
9097,B
9098,A
9099,A
9100,A
9101,A
9102,A
9103,A
9104,A
9105,B
9106,B
9107,B
9108,A
9109,A
9110,B
9111,B
9112,A
9113,B
9114,B
9115,B
9116,A
9117,A
9118,A
9119,A
9120,A
9121,B
9122,B
9123,B
9124,B
9125,A
9126,B
9127,B
9128,A
9129,A
9130,B
9131,A
9132,B
9133,A
9134,B
9135,A
9136,B
9137,A
9138,B
9139,B
9140,B
9141,B
9142,A
9143,B
9144,B
9145,B
9146,B
9147,A
9148,A
9149,A
9150,A
9151,A
9152,A
9153,B
9154,A
9155,B
9156,B
9157,B
9158,B
9159,B
9160,A
9161,A
9162,B
9163,A
9164,A
9165,A
9166,B
9167,B
9168,A
9169,A
9170,B
9171,B
9172,B
9173,B
9174,B
9175,B
9176,A
9177,B
9178,A
9179,A
9180,A
9181,B
9182,B
9183,A
9184,A
9185,B
9186,A
9187,A
9188,B
9189,B
9190,B
9191,A
9192,B
9193,A
9194,B
9195,A
9196,B
9197,B
9198,B
9199,A
9200,A
9201,A
9202,A
9203,B
9204,B
9205,A
9206,B
9207,A
9208,B
9209,B
9210,B
9211,A
9212,A
9213,B
9214,B
9215,A
9216,A
9217,A
9218,A
9219,A
9220,A
9221,B
9222,A
9223,B
9224,A
9225,B
9226,B
9227,B
9228,B
9229,A
9230,B
9231,A
9232,A
9233,B
9234,A
9235,B
9236,B
9237,B
9238,B
9239,B
9240,A
9241,A
9242,B
9243,A
9244,A
9245,B
9246,B
9247,B
9248,B
9249,A
9250,A
9251,B
9252,A
9253,B
9254,B
9255,B
9256,A
9257,A
9258,B
9259,A
9260,B
9261,A
9262,B
9263,A
9264,B
9265,A
9266,A
9267,A
9268,A
9269,A
9270,B
9271,A
9272,A
9273,A
9274,A
9275,B
9276,B
9277,A
9278,A
9279,B
9280,A
9281,A
9282,A
9283,B
9284,B
9285,A
9286,B
9287,A
9288,B
9289,B
9290,A
9291,A
9292,B
9293,B
9294,B
9295,A
9296,B
9297,B
9298,A
9299,B
9300,A
9301,B
9302,B
9303,A
9304,B
9305,B
9306,B
9307,A
9308,B
9309,A
9310,A
9311,B
9312,A
9313,A
9314,B
9315,A
9316,A
9317,A
9318,A
9319,B
9320,B
9321,A
9322,B
9323,A
9324,A
9325,A
9326,B
9327,A
9328,B
9329,B
9330,A
9331,B
9332,A
9333,B
9334,A
9335,A
9336,A
9337,B
9338,B
9339,A
9340,A
9341,B
9342,B
9343,A
9344,B
9345,A
9346,A
9347,B
9348,A
9349,B
9350,A
9351,B
9352,B
9353,B
9354,B
9355,B
9356,A
9357,B
9358,A
9359,A
9360,B
9361,B
9362,A
9363,A
9364,A
9365,B
9366,B
9367,B
9368,B
9369,A
9370,A
9371,A
9372,B
9373,A
9374,B
9375,A
9376,A
9377,A
9378,A
9379,A
9380,A
9381,A
9382,A
9383,B
9384,B
9385,A
9386,A
9387,B
9388,B
9389,A
9390,A
9391,B
9392,A
9393,A
9394,A
9395,A
9396,B
9397,B
9398,B
9399,B
9400,A
9401,B
9402,A
9403,A
9404,A
9405,A
9406,A
9407,B
9408,B
9409,B
9410,B
9411,B
9412,A
9413,A
9414,A
9415,B
9416,B
9417,A
9418,A
9419,A
9420,A
9421,B
9422,A
9423,A
9424,B
9425,A
9426,B
9427,A
9428,B
9429,B
9430,B
9431,A
9432,B
9433,A
9434,A
9435,A
9436,A
9437,B
9438,A
9439,B
9440,B
9441,A
9442,A
9443,A
9444,B
9445,B
9446,B
9447,B
9448,A
9449,A
9450,B
9451,A
9452,A
9453,A
9454,A
9455,A
9456,A
9457,B
9458,B
9459,B
9460,B
9461,A
9462,B
9463,B
9464,A
9465,A
9466,A
9467,A
9468,B
9469,A
9470,B
9471,B
9472,A
9473,B
9474,A
9475,B
9476,B
9477,B
9478,B
9479,B
9480,B
9481,A
9482,A
9483,A
9484,B
9485,B
9486,A
9487,B
9488,B
9489,B
9490,B
9491,A
9492,B
9493,B
9494,A
9495,B
9496,A
9497,A
9498,B
9499,A
9500,A
9501,B
9502,A
9503,B
9504,A
9505,B
9506,A
9507,B
9508,B
9509,A
9510,B
9511,B
9512,B
9513,A
9514,A
9515,A
9516,A
9517,B
9518,B
9519,A
9520,B
9521,A
9522,B
9523,B
9524,A
9525,A
9526,B
9527,B
9528,B
9529,A
9530,B
9531,B
9532,A
9533,A
9534,B
9535,B
9536,A
9537,B
9538,A
9539,A
9540,A
9541,A
9542,A
9543,B
9544,A
9545,B
9546,B
9547,B
9548,B
9549,A
9550,A
9551,A
9552,B
9553,A
9554,A
9555,A
9556,B
9557,B
9558,A
9559,B
9560,A
9561,B
9562,A
9563,A
9564,A
9565,A
9566,A
9567,A
9568,A
9569,B
9570,B
9571,A
9572,A
9573,B
9574,A
9575,B
9576,B
9577,A
9578,B
9579,A
9580,B
9581,A
9582,B
9583,B
9584,B
9585,A
9586,B
9587,A
9588,B
9589,B
9590,B
9591,B
9592,A
9593,A
9594,B
9595,A
9596,B
9597,A
9598,B
9599,A
9600,B
9601,B
9602,B
9603,B
9604,B
9605,A
9606,B
9607,B
9608,B
9609,A
9610,B
9611,B
9612,A
9613,B
9614,B
9615,A
9616,B
9617,A
9618,B
9619,A
9620,B
9621,B
9622,B
9623,B
9624,A
9625,A
9626,A
9627,B
9628,A
9629,A
9630,B
9631,A
9632,B
9633,A
9634,A
9635,A
9636,B
9637,A
9638,A
9639,A
9640,B
9641,A
9642,A
9643,B
9644,A
9645,A
9646,A
9647,A
9648,B
9649,B
9650,B
9651,A
9652,A
9653,A
9654,A
9655,A
9656,A
9657,A
9658,B
9659,A
9660,A
9661,A
9662,B
9663,A
9664,A
9665,B
9666,B
9667,B
9668,A
9669,A
9670,A
9671,A
9672,A
9673,B
9674,B
9675,B
9676,A
9677,B
9678,A
9679,B
9680,A
9681,A
9682,B
9683,B
9684,A
9685,B
9686,B
9687,B
9688,A
9689,A
9690,A
9691,B
9692,B
9693,B
9694,B
9695,A
9696,A
9697,A
9698,A
9699,A
9700,A
9701,B
9702,B
9703,B
9704,A
9705,B
9706,A
9707,B
9708,B
9709,B
9710,A
9711,A
9712,A
9713,B
9714,A
9715,A
9716,A
9717,A
9718,B
9719,B
9720,B
9721,B
9722,A
9723,B
9724,A
9725,B
9726,B
9727,B
9728,B
9729,A
9730,A
9731,A
9732,A
9733,A
9734,A
9735,A
9736,B
9737,A
9738,A
9739,B
9740,B
9741,B
9742,B
9743,B
9744,B
9745,A
9746,A
9747,B
9748,B
9749,B
9750,A
9751,B
9752,A
9753,A
9754,A
9755,B
9756,B
9757,B
9758,A
9759,B
9760,A
9761,A
9762,B
9763,A
9764,A
9765,B
9766,A
9767,B
9768,A
9769,A
9770,A
9771,B
9772,A
9773,B
9774,B
9775,A
9776,B
9777,A
9778,A
9779,B
9780,A
9781,A
9782,B
9783,B
9784,A
9785,A
9786,A
9787,B
9788,B
9789,A
9790,A
9791,A
9792,B
9793,A
9794,B
9795,B
9796,B
9797,A
9798,B
9799,A
9800,A
9801,A
9802,B
9803,B
9804,B
9805,A
9806,A
9807,B
9808,B
9809,A
9810,A
9811,A
9812,A
9813,B
9814,A
9815,A
9816,B
9817,B
9818,A
9819,A
9820,A
9821,B
9822,A
9823,B
9824,A
9825,A
9826,A
9827,A
9828,A
9829,A
9830,B
9831,B
9832,B
9833,B
9834,A
9835,A
9836,B
9837,B
9838,A
9839,A
9840,A
9841,B
9842,B
9843,A
9844,A
9845,B
9846,B
9847,A
9848,B
9849,A
9850,A
9851,A
9852,A
9853,A
9854,A
9855,A
9856,A
9857,A
9858,B
9859,B
9860,B
9861,A
9862,B
9863,B
9864,B
9865,B
9866,A
9867,B
9868,B
9869,A
9870,A
9871,B
9872,A
9873,B
9874,B
9875,B
9876,A
9877,A
9878,B
9879,B
9880,B
9881,B
9882,A
9883,B
9884,A
9885,B
9886,A
9887,B
9888,A
9889,A
9890,B
9891,A
9892,A
9893,B
9894,B
9895,B
9896,A
9897,A
9898,B
9899,B
9900,A
9901,B
9902,B
9903,B
9904,A
9905,A
9906,A
9907,B
9908,A
9909,B
9910,B
9911,B
9912,A
9913,B
9914,B
9915,A
9916,B
9917,A
9918,B
9919,A
9920,A
9921,A
9922,A
9923,A
9924,B
9925,A
9926,A
9927,A
9928,A
9929,A
9930,A
9931,B
9932,A
9933,B
9934,B
9935,B
9936,A
9937,A
9938,A
9939,A
9940,B
9941,B
9942,B
9943,A
9944,B
9945,B
9946,B
9947,A
9948,B
9949,B
9950,B
9951,B
9952,A
9953,B
9954,A
9955,A
9956,A
9957,A
9958,A
9959,A
9960,A
9961,B
9962,A
9963,A
9964,B
9965,B
9966,A
9967,A
9968,B
9969,B
9970,A
9971,B
9972,B
9973,A
9974,A
9975,B
9976,A
9977,A
9978,B
9979,A
9980,B
9981,A
9982,A
9983,B
9984,B
9985,B
9986,A
9987,B
9988,B
9989,A
9990,B
9991,B
9992,B
9993,A
9994,A
9995,B
9996,A
9997,A
9998,A
9999,A
10000,B
